cloneId	readCount	readFraction	targetSequences	targetQualities	allVHitsWithScore	allDHitsWithScore	allJHitsWithScore	allCHitsWithScore	allVAlignments	allDAlignments	allJAlignments	allCAlignments	nSeqCDR3	minQualCDR3	aaSeqCDR3	refPoints
980	1.0	0.0058823529411764705	TTCAGTGCTCTGACGGATCGACGTTACAATCAGCCCCAGCATTTT	?????????????????????????????????????????????	TRBV20-1*00(165)		TRBJ1-5*00(235)		341|350|375|0|9|SG342T|61.0		23|42|70|26|45||190.0		TTCAGTGCTCTGACGGATCGACGTTACAATCAGCCCCAGCATTTT	30	FSALTDRRYNQPQHF	:::::::::0:-5:9:::::26:-3:45:::
981	1.0	0.0058823529411764705	TTCAGTGCTCAGAGCCAGGACCGTTACGAGCAGTACTTC	???????????????????????????????????????	TRBV20-1*00(181)		TRBJ2-7*00(215)		341|350|375|0|9|SG342T|61.0		24|39|67|24|39||150.0		TTCAGTGCTCAGAGCCAGGACCGTTACGAGCAGTACTTC	30	FSAQSQDRYEQYF	:::::::::0:-5:9:::::24:-4:39:::
982	1.0	0.0058823529411764705	TTCAGTGCTACCCAAGGGACCGAGCGGGAGACCCAGTACTTC	??????????????????????????????????????????	TRBV20-1*00(186)	TRBD2*00(29),TRBD1*00(25)	TRBJ2-5*00(215)		341|351|375|0|10|SG342T|71.0	16|27|48|15|27|I20CST21G|29.0;12|17|36|15|20||25.0	25|40|68|27|42||150.0		TTCAGTGCTACCCAAGGGACCGAGCGGGAGACCCAGTACTTC	30	FSATQGTERETQYF	:::::::::0:-4:10:15:0:-5:27:27:-5:42:::
983	1.0	0.0058823529411764705	TTCAGTGCTAGAGATGCTCGGACTAGCTACGAGCAGTACTTC	??????????????????????????????????????????	TRBV20-1*00(195)	TRBD2*00(35)	TRBJ2-7*00(220)		341|356|375|0|15|SG342T|121.0	17|24|48|19|26||35.0	23|39|67|26|42||160.0		TTCAGTGCTAGAGATGCTCGGACTAGCTACGAGCAGTACTTC	30	FSARDARTSYEQYF	:::::::::0:1:15:19:-1:-8:26:26:-3:42:::
984	1.0	0.0058823529411764705	TTCAGTGCTAAGGACAGAAGAACCTCCTACGAGCAGTACTTC	??????????????????????????????????????????	TRBV20-1*00(170)	TRBD1*00(30)	TRBJ2-7*00(219)		341|351|375|0|10|SG342T|71.0	13|19|36|11|17||30.0	20|39|67|23|42||190.0		TTCAGTGCTAAGGACAGAAGAACCTCCTACGAGCAGTACTTC	30	FSAKDRRTSYEQYF	:::::::::0:-4:10:11:-1:-5:17:23:0:42:::
1019	1.0	0.0058823529411764705	TGTTCCATCGGTGAGAGACAGGGGGCTGGAAATACGCTCTATTTT	?????????????????????????????????????????????	TRBV6-4*00(72),TRBV6-7*00(62)	TRBD1*00(45)	TRBJ1-3*00(112)		347|361|384|0|14|SG350TSG354TSA356G|53.0;347|354|384|0|7|SG350T|41.0	14|23|36|16|25||45.0	22|42|70|25|45|SC29TSC32GSA33CSA35C|84.0		TGTTCCATCGGTGAGAGACAGGGGGCTGGAAATACGCTCTATTTT	30	CSIGERQGAGNTLYF	:::::::::0:-3:14:16:-2:-1:25:25:-2:45:::
1020	1.0	0.0058823529411764705	TGTTCCAGCGTTGCTGACTGGGGGAACTATGCTGAGCAGTTCTTC	?????????????????????????????????????????????	TRBV6-4*00(79)	TRBD1*00(31)	TRBJ2-1*00(157)		347|356|384|0|9|SG350T|61.0	14|23|36|15|24|SA17T|31.0	29|42|70|32|45||130.0		TGTTCCAGCGTTGCTGACTGGGGGAACTATGCTGAGCAGTTCTTC	30	CSSVADWGNYAEQFF	:::::::::0:-8:9:15:-2:-1:24:32:-9:45:::
1021	1.0	0.0058823529411764705	TGTTCCAGCGGTGCGACTGGGGGGACCCAAGACACCCAGTACTTT	?????????????????????????????????????????????	TRBV6-4*00(83)	TRBD1*00(31),TRBD2*00(27)	TRBJ2-5*00(139)		347|360|384|0|13|SG350TSA356G|72.0	14|23|36|14|23|SA17T|31.0;18|29|48|14|25|SA22GSC24G|27.0	21|40|68|26|45|SG27CSC39T|132.0		TGTTCCAGCGGTGCGACTGGGGGGACCCAAGACACCCAGTACTTT	30	CSSGATGGTQDTQYF	:::::::::0:-4:13:14:-2:-1:23:26:-1:45:::
1022	1.0	0.0058823529411764705	TGTTCCAGCGGTGATGCCGGGGGGAACTATGCTGAGCAGTTCTTC	?????????????????????????????????????????????	TRBV6-4*00(88),TRBV10-2*00(81)	TRBD1*00(25),TRBD2*00(25)	TRBJ2-1*00(157)		347|361|384|0|14|SG350TSA356G|82.0;347|361|384|0|14|SC349TSG350TSA356G|53.0	10|15|36|16|21||25.0;14|19|48|16|21||25.0	29|42|70|32|45||130.0		TGTTCCAGCGGTGATGCCGGGGGGAACTATGCTGAGCAGTTCTTC	30	CSSGDAGGNYAEQFF	:::::::::0:-3:14:16:2:-9:21:32:-9:45:::
1023	1.0	0.0058823529411764705	TGTTCCAGCGGTGATGGGCCCCCCCAGTACTTT	?????????????????????????????????	TRBV6-4*00(88)	TRBD2*00(30)	TRBJ2-5*00(115)		347|361|384|0|14|SG350TSA356G|82.0	29|35|48|15|21||30.0	29|40|68|22|33|SC39T|81.0		TGTTCCAGCGGTGATGGGCCCCCCCAGTACTTT	30	CSSGDGPPQYF	:::::::::0:-3:14:15:-13:3:21:22:-9:33:::
1024	1.0	0.0058823529411764705	TGTTCCAGCGGTGAGGGTGACTGGGGCTATGCTGAGCAGTTCTTC	?????????????????????????????????????????????	TRBV6-4*00(88)	TRBD1*00(26)	TRBJ2-1*00(157)		347|361|384|0|14|SG350TSA356G|82.0	14|22|36|18|26|SA17T|26.0	29|42|70|32|45||130.0		TGTTCCAGCGGTGAGGGTGACTGGGGCTATGCTGAGCAGTTCTTC	30	CSSGEGDWGYAEQFF	:::::::::0:-3:14:18:-2:-2:26:32:-9:45:::
1025	1.0	0.0058823529411764705	TGTTCCAGCGGTGAAGACTATGCTGAGCAGTTCTTC	????????????????????????????????????	TRBV6-4*00(88)	TRBD2*00(25)	TRBJ2-1*00(157)		347|361|384|0|14|SG350TSA356G|82.0	18|23|48|15|20||25.0	29|42|70|23|36||130.0		TGTTCCAGCGGTGAAGACTATGCTGAGCAGTTCTTC	30	CSSGEDYAEQFF	:::::::::0:-3:14:15:-2:-9:20:23:-9:36:::
1026	1.0	0.0058823529411764705	TGTTCCAGCGGCGACGCTGGGGGGCACCAAGACACCCAGTACTTT	?????????????????????????????????????????????	TRBV6-4*00(79)		TRBJ2-5*00(144)		347|362|384|0|15|SG350TSA356GST358C|63.0		17|40|68|22|45|ST19CSG27CSC39T|143.0		TGTTCCAGCGGCGACGCTGGGGGGCACCAAGACACCCAGTACTTT	30	CSSGDAGGHQDTQYF	:::::::::0:-2:15:::::22:3:45:::
1027	1.0	0.0058823529411764705	TGTTCCAGCGGGTCTCGGGGGCGCTCCTATGAACAGTACTTC	??????????????????????????????????????????	TRBV6-4*00(79)		TRBJ2-7*00(128)		347|356|384|0|9|SG350T|61.0		10|39|67|13|42|ST14GSA15GSA18CSC26TSG29A|145.0		TGTTCCAGCGGGTCTCGGGGGCGCTCCTATGAACAGTACTTC	30	CSSGSRGRSYEQYF	:::::::::0:-8:9:::::13:10:42:::
1028	1.0	0.0058823529411764705	TGTTCCAGCGGACGGGACAGTGCAGAAACGCTGTATTTT	???????????????????????????????????????	TRBV6-4*00(63)	TRBD1*00(40)	TRBJ2-3*00(97)		347|356|384|0|9|SG350T|61.0	11|19|36|12|20||40.0	24|41|69|22|39|ST28ASA33T|112.0		TGTTCCAGCGGACGGGACAGTGCAGAAACGCTGTATTTT	30	CSSGRDSAETLYF	:::::::::0:-8:9:12:1:-5:20:22:-4:39:::
1029	1.0	0.0058823529411764705	TGTTCCAGCACCAAAAGGGGGACGACAGATACGCAGTATTTT	??????????????????????????????????????????	TRBV28*00(155)	TRBD1*00(30)	TRBJ2-3*00(230)		347|357|384|0|10|SG350T|71.0	17|23|36|15|21||30.0	23|41|69|24|42||180.0		TGTTCCAGCACCAAAAGGGGGACGACAGATACGCAGTATTTT	30	CSSTKRGTTDTQYF	:::::::::0:-7:10:15:-5:-1:21:24:-3:42:::
1051	1.0	0.0058823529411764705	TGTGTTGCTGAGCAGTTCTTC	?????????????????????	TRBV6-4*00(70)		TRBJ2-1*00(157)		347|351|384|0|4||40.0		29|42|70|8|21||130.0		TGTGTTGCTGAGCAGTTCTTC	30	CVAEQFF	:::::::::0:-13:4:::::8:-9:21:::
1106	1.0	0.0058823529411764705	TGTGCCATCCTTGATGCATACTATGAACAGTACTTC	????????????????????????????????????	TRBV6-4*00(85)		TRBJ2-7*00(108)		347|354|384|0|7||70.0		23|39|67|20|36|SC26TSG29A|102.0		TGTGCCATCCTTGATGCATACTATGAACAGTACTTC	30	CAILDAYYEQYF	:::::::::0:-10:7:::::20:-3:36:::
1107	1.0	0.0058823529411764705	TGTGCCATCAGCGTACCAGGGACCGACAATGAGCAGTTCTTC	??????????????????????????????????????????	TRBV10-3*00(176)	TRBD1*00(25)	TRBJ2-1*00(225)		347|358|384|0|11||110.0	16|21|36|16|21||25.0	22|42|70|22|42|ST24G|171.0		TGTGCCATCAGCGTACCAGGGACCGACAATGAGCAGTTCTTC	30	CAISVPGTDNEQFF	:::::::::0:-6:11:16:-4:-3:21:22:-2:42:::
1108	1.0	0.0058823529411764705	TGTGCCACCCGGGAGCCATCGGGCAATCAGCCCCAGCATTTT	??????????????????????????????????????????	TRBV10-3*00(140)	TRBD1*00(35),TRBD2*00(35)	TRBJ1-5*00(240)		347|354|384|0|7||70.0	9|16|36|7|14||35.0;13|20|48|7|14||35.0	22|42|70|22|42||200.0		TGTGCCACCCGGGAGCCATCGGGCAATCAGCCCCAGCATTTT	30	CATREPSGNQPQHF	:::::::::0:-10:7:7:3:-8:14:22:-2:42:::
1110	1.0	0.0058823529411764705	TGTGCCAGTACTCAAGCCCGGCCCAGCTACTACGAGCAGTACTTC	?????????????????????????????????????????????	TRBV19*00(156)	TRBD1*00(25),TRBD2*00(25)	TRBJ2-7*00(229)		347|357|384|0|10||100.0	9|14|36|16|21||25.0;13|18|48|16|21||25.0	18|39|67|24|45|SC22A|181.0		TGTGCCAGTACTCAAGCCCGGCCCAGCTACTACGAGCAGTACTTC	30	CASTQARPSYYEQYF	:::::::::0:-7:10:16:3:-10:21:24:2:45:::
1111	1.0	0.0058823529411764705	TGTGCCAGTAGTTTTCCCGGGACCACGGCTTTCTTT	????????????????????????????????????	TRBV19*00(166)	TRBD1*00(45),TRBD2*00(45)	TRBJ1-1*00(185)		347|359|384|0|12||120.0	8|17|36|14|23||45.0;12|21|48|14|23||45.0	31|40|68|27|36||90.0		TGTGCCAGTAGTTTTCCCGGGACCACGGCTTTCTTT	30	CASSFPGTTAFF	:::::::::0:-5:12:14:4:-7:23:27:-11:36:::
1112	1.0	0.0058823529411764705	TGTGCCAGTAGTTCCGGGACAGGGAGCAATCAGCCCCAGCATTTT	?????????????????????????????????????????????	TRBV19*00(166)	TRBD1*00(55)	TRBJ1-5*00(245)		347|359|384|0|12||120.0	10|21|36|13|24||55.0	21|42|70|24|45||210.0		TGTGCCAGTAGTTCCGGGACAGGGAGCAATCAGCCCCAGCATTTT	30	CASSSGTGSNQPQHF	:::::::::0:-5:12:13:2:-3:24:24:-1:45:::
1113	1.0	0.0058823529411764705	TGTGCCAGTAGTGCCCGCGGGACTAGCGGGGTCACAGATACGCAGTATTTT	???????????????????????????????????????????????????	TRBV19*00(166)	TRBD2*00(65)	TRBJ2-3*00(235)		347|359|384|0|12||120.0	15|28|48|17|30||65.0	22|41|69|32|51||190.0		TGTGCCAGTAGTGCCCGCGGGACTAGCGGGGTCACAGATACGCAGTATTTT	30	CASSARGTSGVTDTQYF	:::::::::0:-5:12:17:1:-4:30:32:-2:51:::
1114	1.0	0.0058823529411764705	TGTGCCAGTAGTATAGGCACTTCCTCCTACGAGCAGTACTTC	??????????????????????????????????????????	TRBV19*00(170)		TRBJ2-7*00(235)		347|363|384|0|16||160.0		20|39|67|23|42||190.0		TGTGCCAGTAGTATAGGCACTTCCTCCTACGAGCAGTACTTC	30	CASSIGTSSYEQYF	:::::::::0:-1:16:::::23:0:42:::
1115	1.0	0.0058823529411764705	TGTGCCAGTAGTATAGAGAACAGGGGCTATCAGCCCCAGCATTTT	?????????????????????????????????????????????	TRBV19*00(191)	TRBD1*00(30)	TRBJ1-5*00(225)		347|364|384|0|17||170.0	15|21|36|19|25||30.0	22|42|70|25|45|SA24T|171.0		TGTGCCAGTAGTATAGAGAACAGGGGCTATCAGCCCCAGCATTTT	30	CASSIENRGYQPQHF	:::::::::0:0:17:19:-3:-3:25:25:-2:45:::
1116	1.0	0.0058823529411764705	TGTGCCAGTAGTACGGGGGCCGAACAAGCGGATGGCTACACCTTC	?????????????????????????????????????????????	TRBV19*00(139)	TRBD1*00(30),TRBD2*00(26)	TRBJ1-2*00(210)		347|360|384|0|13||130.0	18|24|36|14|20||30.0;19|27|48|23|31|ST21A|26.0	26|40|68|31|45||140.0		TGTGCCAGTAGTACGGGGGCCGAACAAGCGGATGGCTACACCTTC	30	CASSTGAEQADGYTF	:::::::::0:-4:13:14:-6:0:20:31:-6:45:::
1117	1.0	0.0058823529411764705	TGTGCCAGTAGCCGGGACAGGGTATTCCATGAGCAGTTCTTC	??????????????????????????????????????????	TRBV19*00(161)	TRBD1*00(55)	TRBJ2-1*00(210)		347|358|384|0|11||110.0	10|21|36|11|22||55.0	28|42|70|28|42||140.0		TGTGCCAGTAGCCGGGACAGGGTATTCCATGAGCAGTTCTTC	30	CASSRDRVFHEQFF	:::::::::0:-6:11:11:2:-3:22:28:-8:42:::
1118	1.0	0.0058823529411764705	TGTGCCAGCTTTGATCCGGGGGGGCAAGACACCCAGTACTTT	??????????????????????????????????????????	TRBV6-4*00(95)	TRBD2*00(26),TRBD1*00(25)	TRBJ2-5*00(134)		347|356|384|0|9||90.0	24|32|48|16|24|SA28G|26.0;10|15|36|15|20||25.0	22|40|68|24|42|SG27CSC39T|122.0		TGTGCCAGCTTTGATCCGGGGGGGCAAGACACCCAGTACTTT	30	CASFDPGGQDTQYF	:::::::::0:-8:9:16:-8:0:24:24:-2:42:::
1119	1.0	0.0058823529411764705	TGTGCCAGCTTTGATGCACGGGACTGGGGGTACACCCAGTACTTT	?????????????????????????????????????????????	TRBV6-6*00(104),TRBV6-1*00(98),TRBV6-5*00(98),TRBV6-4*00(95)	TRBD1*00(46)	TRBJ2-5*00(120)		347|356|384|0|9||90.0;347|356|384|0|9||90.0;347|356|384|0|9||90.0;347|356|384|0|9||90.0	11|23|36|18|30|SA17T|46.0	28|40|68|33|45|SC39T|91.0		TGTGCCAGCTTTGATGCACGGGACTGGGGGTACACCCAGTACTTT	30	CASFDARDWGYTQYF	:::::::::0:-8:9:18:1:-1:30:33:-8:45:::
1120	1.0	0.0058823529411764705	TGTGCCAGCTCAAGGACCCTGACGTACTATGGCTACACCTTC	??????????????????????????????????????????	TRBV19*00(130)	TRBD2*00(26),TRBD1*00(25)	TRBJ1-2*00(225)		347|355|384|0|8||80.0	28|36|48|12|20|SG31A|26.0;3|8|36|16|21||25.0	23|40|68|25|42||170.0		TGTGCCAGCTCAAGGACCCTGACGTACTATGGCTACACCTTC	30	CASSRTLTYYGYTF	:::::::::0:-9:8:12:-12:4:20:25:-3:42:::
1121	1.0	0.0058823529411764705	TGTGCCAGCTGTCGGACAGTTATGAACAGTACTTC	???????????????????????????????????	TRBV6-4*00(95),TRBV6-7*00(88)	TRBD1*00(30)	TRBJ2-7*00(89)		347|359|384|0|12|SA356T|91.0;347|359|384|0|12|SA356T|91.0	13|19|36|13|19||30.0	24|39|67|20|35|SC26TSG29A|92.0		TGTGCCAGCTGTCGGACAGTTATGAACAGTACTTC	30	CASCRT_YEQYF	:::::::::0:-5:12:13:-1:-5:19:20:-4:35:::
1122	1.0	0.0058823529411764705	TGTGCCAGCTGTGTCGGACTGGGGGATGAACAGTACTTC	???????????????????????????????????????	TRBV6-4*00(99)	TRBD1*00(36)	TRBJ2-7*00(105)		347|360|384|0|13|SA356T|101.0	13|23|36|15|25|SA17T|36.0	27|39|67|27|39|SG29A|91.0		TGTGCCAGCTGTGTCGGACTGGGGGATGAACAGTACTTC	30	CASCVGLGDEQYF	:::::::::0:-4:13:15:-1:-1:25:27:-7:39:::
1123	1.0	0.0058823529411764705	TGTGCCAGCTGTGATGGTCAGGGGGCAAGGAACAGTACTTC	?????????????????????????????????????????	TRBV6-1*00(107),TRBV6-4*00(104),TRBV6-6*00(104),TRBV6-5*00(98)	TRBD1*00(41)	TRBJ2-7*00(105)		347|361|384|0|14|SA356T|111.0;347|361|384|0|14|SA356T|111.0;347|359|384|0|12|SA356T|91.0;347|359|384|0|12|SA356T|91.0	13|24|36|15|26|SA15T|41.0	27|39|67|29|41|SG29A|91.0		TGTGCCAGCTGTGATGGTCAGGGGGCAAGGAACAGTACTTC	30	CASCDGQ_GKEQYF	:::::::::0:-3:14:15:-1:0:26:29:-7:41:::
1124	1.0	0.0058823529411764705	TGTGCCAGCTGTGATGGGACTGGGGGGTATGAACAGTACTTC	??????????????????????????????????????????	TRBV6-1*00(107),TRBV6-4*00(104),TRBV6-6*00(104),TRBV6-5*00(98),TRBV6-9*00(88)	TRBD1*00(41)	TRBJ2-7*00(105)		347|361|384|0|14|SA356T|111.0;347|361|384|0|14|SA356T|111.0;347|359|384|0|12|SA356T|91.0;347|359|384|0|12|SA356T|91.0;347|362|384|0|15|SA356TST359G|92.0	12|23|36|15|26|SA17T|41.0	24|39|67|27|42|SC26TSG29A|92.0		TGTGCCAGCTGTGATGGGACTGGGGGGTATGAACAGTACTTC	30	CASCDGTGGYEQYF	:::::::::0:-3:14:15:0:-1:26:27:-4:42:::
1125	1.0	0.0058823529411764705	TGTGCCAGCTGTGACGTACAGGGGTATGCTGAGCAGTTCTTC	??????????????????????????????????????????	TRBV6-4*00(109)	TRBD1*00(35)	TRBJ2-1*00(157)		347|362|384|0|15|SA356T|121.0	15|22|36|17|24||35.0	29|42|70|29|42||130.0		TGTGCCAGCTGTGACGTACAGGGGTATGCTGAGCAGTTCTTC	30	CASCDVQGYAEQFF	:::::::::0:-2:15:17:-3:-2:24:29:-9:42:::
1126	1.0	0.0058823529411764705	TGTGCCAGCTGAGACTGGGGGGTTGAACAGTACTTC	????????????????????????????????????	TRBV6-4*00(98)	TRBD1*00(25)	TRBJ2-7*00(105)		347|363|384|0|16|SA356TST358A|102.0	18|23|36|16|21||25.0	27|39|67|24|36|SG29A|91.0		TGTGCCAGCTGAGACTGGGGGGTTGAACAGTACTTC	30	CAS*DWGVEQYF	:::::::::0:-1:16:16:-6:-1:21:24:-7:36:::
1127	1.0	0.0058823529411764705	TGTGCCAGCGTTGGGGGGGGGTATGAACAGTACTTC	????????????????????????????????????	TRBV6-4*00(95)	TRBD1*00(25)	TRBJ2-7*00(89)		347|356|384|0|9||90.0	18|23|36|12|17||25.0	24|39|67|21|36|SC26TSG29A|92.0		TGTGCCAGCGTTGGGGGGGGGTATGAACAGTACTTC	30	CASVGGGYEQYF	:::::::::0:-8:9:12:-6:-1:17:21:-4:36:::
1128	1.0	0.0058823529411764705	TGTGCCAGCGTTGATTTTGCTGAGCAGTTCTTC	?????????????????????????????????	TRBV6-4*00(95)		TRBJ2-1*00(157)		347|356|384|0|9||90.0		29|42|70|20|33||130.0		TGTGCCAGCGTTGATTTTGCTGAGCAGTTCTTC	30	CASVDFAEQFF	:::::::::0:-8:9:::::20:-9:33:::
1129	1.0	0.0058823529411764705	TGTGCCAGCGTTGATGCCGGGGTAAACTATGCTGAGCAGTTCTTC	?????????????????????????????????????????????	TRBV6-4*00(95)	TRBD1*00(25),TRBD2*00(25)	TRBJ2-1*00(157)		347|356|384|0|9||90.0	10|15|36|16|21||25.0;14|19|48|16|21||25.0	29|42|70|32|45||130.0		TGTGCCAGCGTTGATGCCGGGGTAAACTATGCTGAGCAGTTCTTC	30	CASVDAGVNYAEQFF	:::::::::0:-8:9:16:2:-9:21:32:-9:45:::
1130	1.0	0.0058823529411764705	TGTGCCAGCGTTGATGCCGGGACAGGGGCTGATTCGCCCCTCTACTTT	????????????????????????????????????????????????	TRBV6-4*00(95)	TRBD1*00(60)	TRBJ1-6*00(98)		347|356|384|0|9||90.0	10|22|36|16|28||60.0	28|45|73|31|48|SA32GSC39T|112.0		TGTGCCAGCGTTGATGCCGGGACAGGGGCTGATTCGCCCCTCTACTTT	30	CASVDAGTGADSPLYF	:::::::::0:-8:9:16:2:-2:28:31:-8:48:::
1131	1.0	0.0058823529411764705	TGTGCCAGCGTTGATGGGGGGGCGCTAGCTGAGCAGTTCTTC	??????????????????????????????????????????	TRBV6-4*00(95)	TRBD1*00(40)	TRBJ2-1*00(157)		347|356|384|0|9||90.0	18|26|36|17|25||40.0	29|42|70|29|42||130.0		TGTGCCAGCGTTGATGGGGGGGCGCTAGCTGAGCAGTTCTTC	30	CASVDGGALAEQFF	:::::::::0:-8:9:17:-6:2:25:29:-9:42:::
1132	1.0	0.0058823529411764705	TGTGCCAGCGTTGACAGGGGCTGGTACTTC	??????????????????????????????	TRBV6-6*00(104),TRBV6-1*00(98),TRBV6-5*00(98),TRBV6-4*00(95)	TRBD1*00(40)	TRBJ2-7*00(95)		347|356|384|0|9||90.0;347|356|384|0|9||90.0;347|356|384|0|9||90.0;347|362|384|0|15|SA356GSG357T|92.0	14|22|36|12|20||40.0	32|39|67|23|30||70.0		TGTGCCAGCGTTGACAGGGGCTGGTACTTC	30	CASVDRGWYF	:::::::::0:-8:9:12:-2:-2:20:23:-12:30:::
1133	1.0	0.0058823529411764705	TGTGCCAGCGTTGAGGGGGACAGGGCCACAGAAGTCTTCTTT	??????????????????????????????????????????	TRBV6-6*00(104),TRBV6-1*00(98),TRBV6-5*00(98),TRBV6-4*00(95)	TRBD1*00(45)	TRBJ1-1*00(124)		347|356|384|0|9||90.0;347|356|384|0|9||90.0;347|356|384|0|9||90.0;347|356|384|0|9||90.0	12|21|36|16|25||45.0	24|40|68|26|42|ST27ASC32TST33C|73.0		TGTGCCAGCGTTGAGGGGGACAGGGCCACAGAAGTCTTCTTT	30	CASVEGDRATEVFF	:::::::::0:-8:9:16:0:-3:25:26:-4:42:::
1134	1.0	0.0058823529411764705	TGTGCCAGCGGTTCCCCTGGGGGGGCCCTATGAACAGTACTTC	???????????????????????????????????????????	TRBV6-4*00(95),TRBV6-7*00(92)	TRBD1*00(30),TRBD2*00(26)	TRBJ2-7*00(113)		347|359|384|0|12|SA356G|91.0;347|360|384|0|13|SA356G|101.0	2|8|36|13|19||30.0;25|33|48|18|26|SA28G|26.0	22|39|67|26|43|SC26TSG29A|112.0		TGTGCCAGCGGTTCCCCTGGGGGGGCCCTATGAACAGTACTTC	30	CASGSPG_GPYEQYF	:::::::::0:-5:12:13:10:-16:19:26:-2:43:::
1135	1.0	0.0058823529411764705	TGTGCCAGCGGTTATGCTTGGGGGGCCTATGAACCGTCCTTC	??????????????????????????????????????????	TRBV6-6*00(113),TRBV6-5*00(107)	TRBD1*00(25)	TRBJ2-7*00(65)		347|361|384|0|14|SA356G|111.0;347|361|384|0|14|SA356G|111.0	18|23|36|19|24||25.0	22|39|67|25|42|SC26TSG29ASA31CSA34C|54.0		TGTGCCAGCGGTTATGCTTGGGGGGCCTATGAACCGTCCTTC	30	CASGYAWGAYEPSF	:::::::::0:-3:14:19:-6:-1:24:25:-2:42:::
1136	1.0	0.0058823529411764705	TGTGCCAGCGGTCCTGGGGGGGCGCAAGACACCCAGTACTTT	??????????????????????????????????????????	TRBV6-4*00(95)	TRBD1*00(35)	TRBJ2-5*00(134)		347|359|384|0|12|SA356G|91.0	18|25|36|17|24||35.0	22|40|68|24|42|SG27CSC39T|122.0		TGTGCCAGCGGTCCTGGGGGGGCGCAAGACACCCAGTACTTT	30	CASGPGGAQDTQYF	:::::::::0:-5:12:17:-6:1:24:24:-2:42:::
1137	1.0	0.0058823529411764705	TGTGCCAGCGGTCCCGCGGGGGTGGGACGTATGAACAGTACTTC	????????????????????????????????????????????	TRBV6-4*00(95)	TRBD1*00(25),TRBD2*00(25)	TRBJ2-7*00(105)		347|359|384|0|12|SA356G|91.0	12|17|36|23|28||25.0;4|9|48|12|17||25.0	24|39|67|29|44|SC26TSG29A|92.0		TGTGCCAGCGGTCCCGCGGGGGTGGGACGTATGAACAGTACTTC	30	CASGPAG_GTYEQYF	:::::::::0:-5:12:23:0:-7:28:29:-4:44:::
1138	1.0	0.0058823529411764705	TGTGCCAGCGGTCCCACAGGGGTCAATTCCTATAATTCGCCCCTCTACTTT	???????????????????????????????????????????????????	TRBV6-6*00(104),TRBV6-1*00(98),TRBV6-5*00(98),TRBV6-4*00(95),TRBV6-9*00(88)	TRBD1*00(35)	TRBJ1-6*00(133)		347|359|384|0|12|SA356G|91.0;347|359|384|0|12|SA356G|91.0;347|359|384|0|12|SA356G|91.0;347|359|384|0|12|SA356G|91.0;347|359|384|0|12|SA356G|91.0	15|22|36|15|22||35.0	21|45|73|27|51|SA32GSC39T|182.0		TGTGCCAGCGGTCCCACAGGGGTCAATTCCTATAATTCGCCCCTCTACTTT	30	CASGPTGVNSYNSPLYF	:::::::::0:-5:12:15:-3:-2:22:27:-1:51:::
1139	1.0	0.0058823529411764705	TGTGCCAGCGGTGTCTGGGGGGGACGGGAACAGTACTTC	???????????????????????????????????????	TRBV6-4*00(99),TRBV6-6*00(88),TRBV6-1*00(86),TRBV6-5*00(82)	TRBD1*00(25),TRBD2*00(25)	TRBJ2-7*00(105)		347|363|384|0|16|SA356GSA360T|102.0;347|359|384|0|12|SA356G|91.0;347|360|384|0|13|SA356G|101.0;347|359|384|0|12|SA356G|91.0	12|17|36|20|25||25.0;16|21|48|20|25||25.0	27|39|67|27|39|SG29A|91.0		TGTGCCAGCGGTGTCTGGGGGGGACGGGAACAGTACTTC	30	CASGVWGGREQYF	:::::::::0:-1:16:20:0:-7:25:27:-7:39:::
1140	1.0	0.0058823529411764705	TGTGCCAGCGGTGTCCCGAGGGGCGCGGGGGAACAGTACTTC	??????????????????????????????????????????	TRBV6-4*00(102)	TRBD1*00(30)	TRBJ2-7*00(105)		347|367|384|0|20|SA356GSA360TST362C|113.0	20|26|36|20|26||30.0	27|39|67|30|42|SG29A|91.0		TGTGCCAGCGGTGTCCCGAGGGGCGCGGGGGAACAGTACTTC	30	CASGVPRGAGEQYF	:::::::::0:3:20:20:-8:2:26:30:-7:42:::
1141	1.0	0.0058823529411764705	TGTGCCAGCGGTGCTGGTACAGGGGGGTATGCTGAGCAGTTCTTC	?????????????????????????????????????????????	TRBV6-4*00(99)	TRBD1*00(41)	TRBJ2-1*00(157)		347|360|384|0|13|SA356G|101.0	12|23|36|15|26|SG14T|41.0	29|42|70|32|45||130.0		TGTGCCAGCGGTGCTGGTACAGGGGGGTATGCTGAGCAGTTCTTC	30	CASGAGTGGYAEQFF	:::::::::0:-4:13:15:0:-1:26:32:-9:45:::
1142	1.0	0.0058823529411764705	TGTGCCAGCGGTGCCCTCTGGGGGGTCTATGCTGAGCAGTTCTTC	?????????????????????????????????????????????	TRBV6-4*00(83)	TRBD1*00(25),TRBD2*00(25)	TRBJ2-1*00(157)		347|360|384|0|13|SA356G|101.0	18|23|36|19|24||25.0;0|5|48|13|18||25.0	29|42|70|32|45||130.0		TGTGCCAGCGGTGCCCTCTGGGGGGTCTATGCTGAGCAGTTCTTC	30	CASGALWGVYAEQFF	:::::::::0:-4:13:19:-6:-1:24:32:-9:45:::
1143	1.0	0.0058823529411764705	TGTGCCAGCGGTGCCCCGGGACAGGACAACCAGGCTCCGCTTTTT	?????????????????????????????????????????????	TRBV6-4*00(99),TRBV6-7*00(88)	TRBD1*00(55)	TRBJ1-5*00(80)		347|360|384|0|13|SA356G|101.0;347|359|384|0|12|SA356G|91.0	9|20|36|14|25||55.0	23|42|70|26|45|ST26CSC30GSC32TSA34CSA37T|45.0		TGTGCCAGCGGTGCCCCGGGACAGGACAACCAGGCTCCGCTTTTT	30	CASGAPGQDNQAPLF	:::::::::0:-4:13:14:3:-4:25:26:-3:45:::
1144	1.0	0.0058823529411764705	TGTGCCAGCGGTGGTGGTCCACAGGGGAACCAAGACACCCAGTACTTT	????????????????????????????????????????????????	TRBV6-4*00(99)	TRBD1*00(25)	TRBJ2-5*00(144)		347|360|384|0|13|SA356G|101.0	15|20|36|20|25||25.0	17|40|68|25|48|ST19ASG27CSC39T|143.0		TGTGCCAGCGGTGGTGGTCCACAGGGGAACCAAGACACCCAGTACTTT	30	CASGGGPQGNQDTQYF	:::::::::0:-4:13:20:-3:-4:25:25:3:48:::
1145	1.0	0.0058823529411764705	TGTGCCAGCGGTGGGGGGAACTATGCTGAGCAGTTCTTC	???????????????????????????????????????	TRBV6-4*00(99),TRBV6-7*00(88)	TRBD1*00(25)	TRBJ2-1*00(157)		347|360|384|0|13|SA356G|101.0;347|359|384|0|12|SA356G|91.0	18|23|36|13|18||25.0	29|42|70|26|39||130.0		TGTGCCAGCGGTGGGGGGAACTATGCTGAGCAGTTCTTC	30	CASGGGNYAEQFF	:::::::::0:-4:13:13:-6:-1:18:26:-9:39:::
1146	1.0	0.0058823529411764705	TGTGCCAGCGGTGGGACAGGGGGAGTCTTCTTT	?????????????????????????????????	TRBV6-6*00(104),TRBV6-1*00(102),TRBV6-4*00(99),TRBV6-5*00(98),TRBV6-9*00(88)	TRBD1*00(55)	TRBJ1-1*00(122)		347|359|384|0|12|SA356G|91.0;347|360|384|0|13|SA356G|101.0;347|360|384|0|13|SA356G|101.0;347|359|384|0|12|SA356G|91.0;347|359|384|0|12|SA356G|91.0	12|23|36|12|23||55.0	34|40|68|27|33||60.0		TGTGCCAGCGGTGGGACAGGGGGAGTCTTCTTT	30	CASGGTGGVFF	:::::::::0:-5:12:12:0:-1:23:27:-14:33:::
1147	1.0	0.0058823529411764705	TGTGCCAGCGGTGGACCTGGGGGAGACACCCAGTACTTT	???????????????????????????????????????	TRBV6-4*00(99)	TRBD1*00(25)	TRBJ2-5*00(124)		347|360|384|0|13|SA356G|101.0	18|23|36|18|23||25.0	24|40|68|23|39|SG27CSC39T|102.0		TGTGCCAGCGGTGGACCTGGGGGAGACACCCAGTACTTT	30	CASGGPGGDTQYF	:::::::::0:-4:13:18:-6:-1:23:23:-4:39:::
1148	1.0	0.0058823529411764705	TGTGCCAGCGGTGGACAGCCCTATGCTGAGCAGTTCTTC	???????????????????????????????????????	TRBV6-6*00(104),TRBV6-1*00(102),TRBV6-4*00(99),TRBV6-5*00(98)	TRBD1*00(30)	TRBJ2-1*00(157)		347|359|384|0|12|SA356G|91.0;347|360|384|0|13|SA356G|101.0;347|360|384|0|13|SA356G|101.0;347|359|384|0|12|SA356G|91.0	13|19|36|12|18||30.0	29|42|70|26|39||130.0		TGTGCCAGCGGTGGACAGCCCTATGCTGAGCAGTTCTTC	30	CASGGQPYAEQFF	:::::::::0:-5:12:12:-1:-5:18:26:-9:39:::
1149	1.0	0.0058823529411764705	TGTGCCAGCGGTGGAGGGAGGGGGCCAGAAGTCTTCTTT	???????????????????????????????????????	TRBV6-4*00(83)	TRBD1*00(35),TRBD2*00(35)	TRBJ1-1*00(122)		347|360|384|0|13|SA356G|101.0	17|24|36|18|25||35.0;25|32|48|15|22||35.0	28|40|68|27|39|SC32TST33C|62.0		TGTGCCAGCGGTGGAGGGAGGGGGCCAGAAGTCTTCTTT	30	CASGGGRGPEVFF	:::::::::0:-4:13:18:-5:0:25:27:-8:39:::
1150	1.0	0.0058823529411764705	TGTGCCAGCGGTGGAGAACAGTACTTC	???????????????????????????	TRBV6-6*00(104),TRBV6-1*00(102),TRBV6-4*00(99),TRBV6-5*00(98)		TRBJ2-7*00(105)		347|359|384|0|12|SA356G|91.0;347|363|384|0|16|SA356GSA360G|102.0;347|360|384|0|13|SA356G|101.0;347|359|384|0|12|SA356G|91.0		27|39|67|15|27|SG29A|91.0		TGTGCCAGCGGTGGAGAACAGTACTTC	30	CASGGEQYF	:::::::::0:-5:12:::::15:-7:27:::
1151	1.0	0.0058823529411764705	TGTGCCAGCGGTGATTCCGGGACAGGGGGCGCAGAAACGCTGTATTTT	????????????????????????????????????????????????	TRBV6-1*00(107),TRBV6-4*00(104),TRBV6-6*00(104),TRBV6-5*00(98)	TRBD1*00(60)	TRBJ2-3*00(97)		347|361|384|0|14|SA356G|111.0;347|364|384|0|17|SA356GSC361T|112.0;347|359|384|0|12|SA356G|91.0;347|359|384|0|12|SA356G|91.0	10|22|36|16|28||60.0	21|41|69|28|48|SA23GST28ASA33T|113.0		TGTGCCAGCGGTGATTCCGGGACAGGGGGCGCAGAAACGCTGTATTTT	30	CASGDSGTGGAETLYF	:::::::::0:-3:14:16:2:-2:28:28:-1:48:::
1152	1.0	0.0058823529411764705	TGTGCCAGCGGTGATTGTGGGGATGAACAGTACTTC	????????????????????????????????????	TRBV6-4*00(119)		TRBJ2-7*00(105)		347|361|384|0|14|SA356G|111.0		27|39|67|24|36|SG29A|91.0		TGTGCCAGCGGTGATTGTGGGGATGAACAGTACTTC	30	CASGDCGDEQYF	:::::::::0:-3:14:::::24:-7:36:::
1153	1.0	0.0058823529411764705	TGTGCCAGCGGTGATTGGGGGGTCTATGCTGAGCAGTTCTTC	??????????????????????????????????????????	TRBV6-4*00(104),TRBV6-7*00(88)	TRBD1*00(25)	TRBJ2-1*00(157)		347|361|384|0|14|SA356G|111.0;347|359|384|0|12|SA356G|91.0	18|23|36|16|21||25.0	29|42|70|29|42||130.0		TGTGCCAGCGGTGATTGGGGGGTCTATGCTGAGCAGTTCTTC	30	CASGDWGVYAEQFF	:::::::::0:-3:14:16:-6:-1:21:29:-9:42:::
1154	1.0	0.0058823529411764705	TGTGCCAGCGGTGATTATGAACAGTACTTC	??????????????????????????????	TRBV6-4*00(104)		TRBJ2-7*00(105)		347|361|384|0|14|SA356G|111.0		24|39|67|15|30|SC26TSG29A|92.0		TGTGCCAGCGGTGATTATGAACAGTACTTC	30	CASGDYEQYF	:::::::::0:-3:14:::::15:-4:30:::
1155	1.0	0.0058823529411764705	TGTGCCAGCGGTGATCTCCGGGACAATAACAACCAGGCTCCGCTTTTT	????????????????????????????????????????????????	TRBV6-1*00(107),TRBV6-4*00(104),TRBV6-6*00(104),TRBV6-5*00(98)	TRBD1*00(40),TRBD2*00(35)	TRBJ1-3*00(64)		347|361|384|0|14|SA356G|111.0;347|361|384|0|14|SA356G|111.0;347|359|384|0|12|SA356G|91.0;347|359|384|0|12|SA356G|91.0	10|18|36|17|25||40.0;14|21|48|17|24||35.0	38|42|70|44|48||40.0		TGTGCCAGCGGTGATCTCCGGGACAATAACAACCAGGCTCCGCTTTTT	30	CASGDLRDNNNQAPLF	:::::::::0:-3:14:17:2:-6:25:44:-18:48:::
1156	1.0	0.0058823529411764705	TGTGCCAGCGGTGATCCTGGGGGGGCGCCCCGACACCCAGTACTTT	??????????????????????????????????????????????	TRBV6-1*00(107),TRBV6-4*00(104),TRBV6-6*00(104),TRBV6-5*00(98)	TRBD1*00(55)	TRBJ2-5*00(120)		347|361|384|0|14|SA356G|111.0;347|361|384|0|14|SA356G|111.0;347|359|384|0|12|SA356G|91.0;347|359|384|0|12|SA356G|91.0	18|29|36|20|31||55.0	25|40|68|31|46|SG27CSC39T|92.0		TGTGCCAGCGGTGATCCTGGGGGGGCGCCCCGACACCCAGTACTTT	30	CASGDPGG_RPDTQYF	:::::::::0:-3:14:20:-6:5:31:31:-5:46:::
1157	1.0	0.0058823529411764705	TGTGCCAGCGGTGATCCCTGGGGGGTATGCTGAGCAGTTCTTC	???????????????????????????????????????????	TRBV6-4*00(104)	TRBD1*00(25)	TRBJ2-1*00(157)		347|361|384|0|14|SA356G|111.0	3|8|36|15|20||25.0	29|42|70|30|43||130.0		TGTGCCAGCGGTGATCCCTGGGGGGTATGCTGAGCAGTTCTTC	30	CASGDPW_GYAEQFF	:::::::::0:-3:14:15:9:-16:20:30:-9:43:::
1158	1.0	0.0058823529411764705	TGTGCCAGCGGTGATCCGGGGCAAGACACCCAGTACTTT	???????????????????????????????????????	TRBV6-1*00(107),TRBV6-4*00(104),TRBV6-6*00(104),TRBV6-5*00(98),TRBV6-9*00(88)	TRBD1*00(25),TRBD2*00(25)	TRBJ2-5*00(134)		347|361|384|0|14|SA356G|111.0;347|361|384|0|14|SA356G|111.0;347|359|384|0|12|SA356G|91.0;347|359|384|0|12|SA356G|91.0;347|365|384|0|18|SA356GST359GST362C|93.0	10|15|36|15|20||25.0;14|19|48|15|20||25.0	22|40|68|21|39|SG27CSC39T|122.0		TGTGCCAGCGGTGATCCGGGGCAAGACACCCAGTACTTT	30	CASGDPGQDTQYF	:::::::::0:-3:14:15:2:-9:20:21:-2:39:::
1159	1.0	0.0058823529411764705	TGTGCCAGCGGTGATCGTCAGGGGTGGGACACCCAGTACTTT	??????????????????????????????????????????	TRBV6-4*00(104)	TRBD1*00(30)	TRBJ2-5*00(120)		347|361|384|0|14|SA356G|111.0	16|22|36|18|24||30.0	25|40|68|27|42|SG27CSC39T|92.0		TGTGCCAGCGGTGATCGTCAGGGGTGGGACACCCAGTACTTT	30	CASGDRQGWDTQYF	:::::::::0:-3:14:18:-4:-2:24:27:-5:42:::
1160	1.0	0.0058823529411764705	TGTGCCAGCGGTGATCGGCTGGGGGTTAACTATGCTGAGCAGTTCTTC	????????????????????????????????????????????????	TRBV6-4*00(104)	TRBD1*00(25)	TRBJ2-1*00(157)		347|361|384|0|14|SA356G|111.0	18|23|36|20|25||25.0	29|42|70|35|48||130.0		TGTGCCAGCGGTGATCGGCTGGGGGTTAACTATGCTGAGCAGTTCTTC	30	CASGDRLGVNYAEQFF	:::::::::0:-3:14:20:-6:-1:25:35:-9:48:::
1161	1.0	0.0058823529411764705	TGTGCCAGCGGTGATCGGGACTGGGGGAGCTCCTATGAACAGTACTTC	????????????????????????????????????????????????	TRBV6-4*00(104)	TRBD1*00(36),TRBD2*00(35)	TRBJ2-7*00(143)		347|361|384|0|14|SA356G|111.0	11|21|36|15|25|SA17T|36.0;15|22|48|15|22||35.0	16|39|67|25|48|SC26TSG29A|172.0		TGTGCCAGCGGTGATCGGGACTGGGGGAGCTCCTATGAACAGTACTTC	30	CASGDRDWGSSYEQYF	:::::::::0:-3:14:15:1:-3:25:25:4:48:::
1162	1.0	0.0058823529411764705	TGTGCCAGCGGTGATCATGGGGTACAAGACACCCAGTACTTT	??????????????????????????????????????????	TRBV6-1*00(107),TRBV6-6*00(104),TRBV6-5*00(98)		TRBJ2-5*00(134)		347|361|384|0|14|SA356G|111.0;347|359|384|0|12|SA356G|91.0;347|359|384|0|12|SA356G|91.0		22|40|68|24|42|SG27CSC39T|122.0		TGTGCCAGCGGTGATCATGGGGTACAAGACACCCAGTACTTT	30	CASGDHGVQDTQYF	:::::::::0:-3:14:::::24:-2:42:::
1163	1.0	0.0058823529411764705	TGTGCCAGCGGTGATGTTGAGTATGAACAGTACTTC	????????????????????????????????????	TRBV6-1*00(107),TRBV6-4*00(104),TRBV6-6*00(104),TRBV6-5*00(98),TRBV6-9*00(88)		TRBJ2-7*00(105)		347|361|384|0|14|SA356G|111.0;347|361|384|0|14|SA356G|111.0;347|359|384|0|12|SA356G|91.0;347|359|384|0|12|SA356G|91.0;347|362|384|0|15|SA356GST359G|92.0		24|39|67|21|36|SC26TSG29A|92.0		TGTGCCAGCGGTGATGTTGAGTATGAACAGTACTTC	30	CASGDVEYEQYF	:::::::::0:-3:14:::::21:-4:36:::
1164	1.0	0.0058823529411764705	TGTGCCAGCGGTGATGTCGGGGGGAGCTCCTATGAACAGTACTTC	?????????????????????????????????????????????	TRBV6-4*00(104),TRBV6-7*00(88)		TRBJ2-7*00(143)		347|361|384|0|14|SA356G|111.0;347|359|384|0|12|SA356G|91.0		16|39|67|22|45|SC26TSG29A|172.0		TGTGCCAGCGGTGATGTCGGGGGGAGCTCCTATGAACAGTACTTC	30	CASGDVGGSSYEQYF	:::::::::0:-3:14:::::22:4:45:::
1165	1.0	0.0058823529411764705	TGTGCCAGCGGTGATGTGGCAGGGGGAGAACAGTACTTC	???????????????????????????????????????	TRBV6-4*00(104)	TRBD1*00(35)	TRBJ2-7*00(105)		347|361|384|0|14|SA356G|111.0	16|23|36|19|26||35.0	27|39|67|27|39|SG29A|91.0		TGTGCCAGCGGTGATGTGGCAGGGGGAGAACAGTACTTC	30	CASGDVAGGEQYF	:::::::::0:-3:14:19:-4:-1:26:27:-7:39:::
1166	1.0	0.0058823529411764705	TGTGCCAGCGGTGATGTGGAAGGCACAGAAGTCTTCTTT	???????????????????????????????????????	TRBV6-4*00(104),TRBV6-7*00(88)		TRBJ1-1*00(124)		347|361|384|0|14|SA356G|111.0;347|359|384|0|12|SA356G|91.0		24|40|68|23|39|ST27ASC32TST33C|73.0		TGTGCCAGCGGTGATGTGGAAGGCACAGAAGTCTTCTTT	30	CASGDVEGTEVFF	:::::::::0:-3:14:::::23:-4:39:::
1167	1.0	0.0058823529411764705	TGTGCCAGCGGTGATGTACTGGGGGGTGACACCCAGTACTTT	??????????????????????????????????????????	TRBV6-4*00(104),TRBV6-7*00(88)	TRBD1*00(26)	TRBJ2-5*00(120)		347|361|384|0|14|SA356G|111.0;347|359|384|0|12|SA356G|91.0	15|23|36|17|25|SA17T|26.0	25|40|68|27|42|SG27CSC39T|92.0		TGTGCCAGCGGTGATGTACTGGGGGGTGACACCCAGTACTTT	30	CASGDVLGGDTQYF	:::::::::0:-3:14:17:-3:-1:25:27:-5:42:::
1168	1.0	0.0058823529411764705	TGTGCCAGCGGTGATGCTCCTGGGGGGGAAGACACCCAGTACTTT	?????????????????????????????????????????????	TRBV6-1*00(107),TRBV6-4*00(104),TRBV6-6*00(104),TRBV6-5*00(98)	TRBD1*00(25)	TRBJ2-5*00(129)		347|364|384|0|17|SA356GSA361T|112.0;347|361|384|0|14|SA356G|111.0;347|359|384|0|12|SA356G|91.0;347|359|384|0|12|SA356G|91.0	18|23|36|21|26||25.0	23|40|68|28|45|SG27CSC39T|112.0		TGTGCCAGCGGTGATGCTCCTGGGGGGGAAGACACCCAGTACTTT	30	CASGDAPGGEDTQYF	:::::::::0:0:17:21:-6:-1:26:28:-3:45:::
1169	1.0	0.0058823529411764705	TGTGCCAGCGGTGATGCTGGCAGGGTAACCTATGAACAGTACTTC	?????????????????????????????????????????????	TRBV6-4*00(104),TRBV6-7*00(88)	TRBD1*00(25)	TRBJ2-7*00(113)		347|361|384|0|14|SA356G|111.0;347|359|384|0|12|SA356G|91.0	16|21|36|20|25||25.0	22|39|67|28|45|SC26TSG29A|112.0		TGTGCCAGCGGTGATGCTGGCAGGGTAACCTATGAACAGTACTTC	30	CASGDAGRVTYEQYF	:::::::::0:-3:14:20:-4:-3:25:28:-2:45:::
1170	1.0	0.0058823529411764705	TGTGCCAGCGGTGATGCTGGGGAGGACACCCAGTACTTT	???????????????????????????????????????	TRBV6-4*00(104)	TRBD2*00(25)	TRBJ2-5*00(120)		347|361|384|0|14|SA356G|111.0	25|30|48|19|24||25.0	25|40|68|24|39|SG27CSC39T|92.0		TGTGCCAGCGGTGATGCTGGGGAGGACACCCAGTACTTT	30	CASGDAGEDTQYF	:::::::::0:-3:14:19:-9:-2:24:24:-5:39:::
1171	1.0	0.0058823529411764705	TGTGCCAGCGGTGATGCCTCTGGGGGGGCGCATGAACAGTACTTC	?????????????????????????????????????????????	TRBV6-1*00(107),TRBV6-4*00(104),TRBV6-6*00(104),TRBV6-5*00(98)	TRBD1*00(40)	TRBJ2-5*00(89)		347|364|384|0|17|SA356GSA361T|112.0;347|361|384|0|14|SA356G|111.0;347|359|384|0|12|SA356G|91.0;347|359|384|0|12|SA356G|91.0	18|26|36|23|31||40.0	31|40|68|36|45||90.0		TGTGCCAGCGGTGATGCCTCTGGGGGGGCGCATGAACAGTACTTC	30	CASGDASGGAHEQYF	:::::::::0:0:17:23:-6:2:31:36:-11:45:::
1172	1.0	0.0058823529411764705	TGTGCCAGCGGTGATGCCTGGGGGCAAGACACCCAGTACTTT	??????????????????????????????????????????	TRBV6-4*00(104),TRBV6-7*00(88)	TRBD1*00(25)	TRBJ2-5*00(134)		347|361|384|0|14|SA356G|111.0;347|359|384|0|12|SA356G|91.0	18|23|36|19|24||25.0	22|40|68|24|42|SG27CSC39T|122.0		TGTGCCAGCGGTGATGCCTGGGGGCAAGACACCCAGTACTTT	30	CASGDAWGQDTQYF	:::::::::0:-3:14:19:-6:-1:24:24:-2:42:::
1173	1.0	0.0058823529411764705	TGTGCCAGCGGTGATGCGGCTGTCGGTGAGCAGTTCTTC	???????????????????????????????????????	TRBV6-4*00(104)	TRBD1*00(25)	TRBJ2-1*00(157)		347|361|384|0|14|SA356G|111.0	5|10|36|19|24||25.0	29|42|70|26|39||130.0		TGTGCCAGCGGTGATGCGGCTGTCGGTGAGCAGTTCTTC	30	CASGDAAVGEQFF	:::::::::0:-3:14:19:7:-14:24:26:-9:39:::
1174	1.0	0.0058823529411764705	TGTGCCAGCGGTGATGCGGGGAATTCGCCCCTCTACTTT	???????????????????????????????????????	TRBV6-1*00(111),TRBV6-4*00(104),TRBV6-6*00(104),TRBV6-5*00(98)		TRBJ1-6*00(103)		347|365|384|0|18|SA356GSA361T|122.0;347|361|384|0|14|SA356G|111.0;347|359|384|0|12|SA356G|91.0;347|359|384|0|12|SA356G|91.0		27|45|73|21|39|SA32GSC39T|122.0		TGTGCCAGCGGTGATGCGGGGAATTCGCCCCTCTACTTT	30	CASGDAGNSPLYF	:::::::::0:1:18:::::21:-7:39:::
1175	1.0	0.0058823529411764705	TGTGCCAGCGGTGATGCGGGACTGGGGGAAGACACCCAGTACTTT	?????????????????????????????????????????????	TRBV6-1*00(111),TRBV6-4*00(104),TRBV6-6*00(104),TRBV6-5*00(98)	TRBD1*00(36)	TRBJ2-5*00(129)		347|365|384|0|18|SA356GSA361T|122.0;347|361|384|0|14|SA356G|111.0;347|359|384|0|12|SA356G|91.0;347|359|384|0|12|SA356G|91.0	13|23|36|18|28|SA17T|36.0	23|40|68|28|45|SG27CSC39T|112.0		TGTGCCAGCGGTGATGCGGGACTGGGGGAAGACACCCAGTACTTT	30	CASGDAGLGEDTQYF	:::::::::0:1:18:18:-1:-1:28:28:-3:45:::
1176	1.0	0.0058823529411764705	TGTGCCAGCGGTGATGCGAGAGACACCCAGTACTTT	????????????????????????????????????	TRBV6-4*00(104)		TRBJ2-5*00(124)		347|367|384|0|20|SA356GSC361TST362G|113.0		24|40|68|20|36|SG27CSC39T|102.0		TGTGCCAGCGGTGATGCGAGAGACACCCAGTACTTT	30	CASGDARDTQYF	:::::::::0:3:20:::::20:-4:36:::
1177	1.0	0.0058823529411764705	TGTGCCAGCGGTGATGCACAGGGAGGGGACACCCAGTACTTT	??????????????????????????????????????????	TRBV6-1*00(107),TRBV6-4*00(104),TRBV6-6*00(104),TRBV6-5*00(98)	TRBD2*00(35),TRBD1*00(30)	TRBJ2-5*00(120)		347|364|384|0|17|SA356GSA361T|112.0;347|361|384|0|14|SA356G|111.0;347|359|384|0|12|SA356G|91.0;347|359|384|0|12|SA356G|91.0	25|32|48|20|27||35.0;15|21|36|17|23||30.0	25|40|68|27|42|SG27CSC39T|92.0		TGTGCCAGCGGTGATGCACAGGGAGGGGACACCCAGTACTTT	30	CASGDAQGGDTQYF	:::::::::0:0:17:20:-9:0:27:27:-5:42:::
1178	1.0	0.0058823529411764705	TGTGCCAGCGGTGATGCAAGGGGGTATGAACAGTACTTC	???????????????????????????????????????	TRBV6-4*00(104)	TRBD1*00(30)	TRBJ2-7*00(105)		347|361|384|0|14|SA356G|111.0	17|23|36|18|24||30.0	24|39|67|24|39|SC26TSG29A|92.0		TGTGCCAGCGGTGATGCAAGGGGGTATGAACAGTACTTC	30	CASGDARGYEQYF	:::::::::0:-3:14:18:-5:-1:24:24:-4:39:::
1179	1.0	0.0058823529411764705	TGTGCCAGCGGTGATGGTGGGGGCGAGACACCCAGTACTTT	?????????????????????????????????????????	TRBV6-1*00(107),TRBV6-4*00(104),TRBV6-6*00(104),TRBV6-5*00(98),TRBV6-9*00(88)	TRBD1*00(35)	TRBJ2-5*00(124)		347|361|384|0|14|SA356G|111.0;347|361|384|0|14|SA356G|111.0;347|359|384|0|12|SA356G|91.0;347|359|384|0|12|SA356G|91.0;347|362|384|0|15|SA356GST359G|92.0	18|25|36|18|25||35.0	24|40|68|25|41|SG27CSC39T|102.0		TGTGCCAGCGGTGATGGTGGGGGCGAGACACCCAGTACTTT	30	CASGDGG_RDTQYF	:::::::::0:-3:14:18:-6:1:25:25:-4:41:::
1180	1.0	0.0058823529411764705	TGTGCCAGCGGTGATGGGTGGGGGTCCTATGAACAGTACTTC	??????????????????????????????????????????	TRBV6-4*00(104),TRBV6-7*00(88)	TRBD1*00(25)	TRBJ2-7*00(118)		347|361|384|0|14|SA356G|111.0;347|359|384|0|12|SA356G|91.0	18|23|36|19|24||25.0	21|39|67|24|42|SC26TSG29A|122.0		TGTGCCAGCGGTGATGGGTGGGGGTCCTATGAACAGTACTTC	30	CASGDGWGSYEQYF	:::::::::0:-3:14:19:-6:-1:24:24:-1:42:::
1181	1.0	0.0058823529411764705	TGTGCCAGCGGTGATGGGGGGGGCGCGGACACCCAGTACTTT	??????????????????????????????????????????	TRBV6-1*00(107),TRBV6-4*00(104),TRBV6-6*00(104),TRBV6-5*00(98),TRBV6-9*00(88)	TRBD1*00(40)	TRBJ2-5*00(120)		347|361|384|0|14|SA356G|111.0;347|361|384|0|14|SA356G|111.0;347|359|384|0|12|SA356G|91.0;347|359|384|0|12|SA356G|91.0;347|362|384|0|15|SA356GST359G|92.0	18|26|36|18|26||40.0	25|40|68|27|42|SG27CSC39T|92.0		TGTGCCAGCGGTGATGGGGGGGGCGCGGACACCCAGTACTTT	30	CASGDGGGADTQYF	:::::::::0:-3:14:18:-6:2:26:27:-5:42:::
1182	1.0	0.0058823529411764705	TGTGCCAGCGGTGATGGAGGGGAAGACACCCAGTACTTT	???????????????????????????????????????	TRBV6-5*00(82),TRBV6-8*00(66)	TRBD2*00(30)	TRBJ2-5*00(129)		347|359|384|0|12|SA356G|91.0;344|356|381|0|12|SA353G|91.0	26|32|48|15|21||30.0	23|40|68|22|39|SG27CSC39T|112.0		TGTGCCAGCGGTGATGGAGGGGAAGACACCCAGTACTTT	30	CASGDGGEDTQYF	:::::::::0:-5:12:15:-10:0:21:22:-3:39:::
1183	1.0	0.0058823529411764705	TGTGCCAGCGGTGATGACTGGGGGTCCTATGAACAGTACTTC	??????????????????????????????????????????	TRBV6-4*00(104),TRBV6-7*00(88)	TRBD1*00(31)	TRBJ2-7*00(118)		347|361|384|0|14|SA356G|111.0;347|359|384|0|12|SA356G|91.0	14|23|36|15|24|SA17T|31.0	21|39|67|24|42|SC26TSG29A|122.0		TGTGCCAGCGGTGATGACTGGGGGTCCTATGAACAGTACTTC	30	CASGDDWGSYEQYF	:::::::::0:-3:14:15:-2:-1:24:24:-1:42:::
1184	1.0	0.0058823529411764705	TGTGCCAGCGGTGATGAGCGACAGGGGCGGGAACAGTACTTC	??????????????????????????????????????????	TRBV6-1*00(107),TRBV6-4*00(104),TRBV6-6*00(104),TRBV6-5*00(98)	TRBD1*00(40)	TRBJ2-7*00(105)		347|361|384|0|14|SA356G|111.0;347|361|384|0|14|SA356G|111.0;347|359|384|0|12|SA356G|91.0;347|359|384|0|12|SA356G|91.0	14|22|36|19|27||40.0	27|39|67|30|42|SG29A|91.0		TGTGCCAGCGGTGATGAGCGACAGGGGCGGGAACAGTACTTC	30	CASGDERQGREQYF	:::::::::0:-3:14:19:-2:-2:27:30:-7:42:::
1185	1.0	0.0058823529411764705	TGTGCCAGCGGTGATAGTGGAGAGCAGTACTTC	?????????????????????????????????	TRBV6-7*00(88)		TRBJ2-7*00(120)		347|359|384|0|12|SA356G|91.0		27|39|67|21|33||120.0		TGTGCCAGCGGTGATAGTGGAGAGCAGTACTTC	30	CASGDSGEQYF	:::::::::0:-5:12:::::21:-7:33:::
1186	1.0	0.0058823529411764705	TGTGCCAGCGGTGATAGGGGGGGCGGGGACACCCAGTACTTT	??????????????????????????????????????????	TRBV6-7*00(88)	TRBD1*00(35)	TRBJ2-5*00(120)		347|359|384|0|12|SA356G|91.0	18|25|36|18|25||35.0	25|40|68|27|42|SG27CSC39T|92.0		TGTGCCAGCGGTGATAGGGGGGGCGGGGACACCCAGTACTTT	30	CASGDRGGGDTQYF	:::::::::0:-5:12:18:-6:1:25:27:-5:42:::
1187	1.0	0.0058823529411764705	TGTGCCAGCGGTGATAGACTGGGGCAAGACACCCAGTACTTT	??????????????????????????????????????????	TRBV6-4*00(104)	TRBD1*00(26)	TRBJ2-5*00(134)		347|361|384|0|14|SA356G|111.0	14|22|36|16|24|SA17T|26.0	22|40|68|24|42|SG27CSC39T|122.0		TGTGCCAGCGGTGATAGACTGGGGCAAGACACCCAGTACTTT	30	CASGDRLGQDTQYF	:::::::::0:-3:14:16:-2:-2:24:24:-2:42:::
1188	1.0	0.0058823529411764705	TGTGCCAGCGGTGATAGAGGGGTCCAAGACACCCAGTACTTT	??????????????????????????????????????????	TRBV6-4*00(104),TRBV6-7*00(88)	TRBD1*00(25),TRBD2*00(25)	TRBJ2-5*00(139)		347|361|384|0|14|SA356G|111.0;347|359|384|0|12|SA356G|91.0	17|22|36|17|22||25.0;27|32|48|16|21||25.0	21|40|68|23|42|SG27CSC39T|132.0		TGTGCCAGCGGTGATAGAGGGGTCCAAGACACCCAGTACTTT	30	CASGDRGVQDTQYF	:::::::::0:-3:14:17:-5:-2:22:23:-1:42:::
1189	1.0	0.0058823529411764705	TGTGCCAGCGGTGACCCCTATGAACAGTACTTC	?????????????????????????????????	TRBV6-4*00(93),TRBV6-1*00(91),TRBV6-6*00(88)		TRBJ2-7*00(113)		347|362|384|0|15|SA356G|121.0;347|361|384|0|14|SA356G|111.0;347|362|384|0|15|SA356GST359G|92.0		22|39|67|16|33|SC26TSG29A|112.0		TGTGCCAGCGGTGACCCCTATGAACAGTACTTC	30	CASGDPYEQYF	:::::::::0:-2:15:::::16:-2:33:::
1190	1.0	0.0058823529411764705	TGTGCCAGCGGTGACCAAGAACAGTACTTC	??????????????????????????????	TRBV6-4*00(109)		TRBJ2-7*00(105)		347|362|384|0|15|SA356G|121.0		27|39|67|18|30|SG29A|91.0		TGTGCCAGCGGTGACCAAGAACAGTACTTC	30	CASGDQEQYF	:::::::::0:-2:15:::::18:-7:30:::
1191	1.0	0.0058823529411764705	TGTGCCAGCGGTGACGGTTATGAACAGTACTTC	?????????????????????????????????	TRBV6-4*00(109)		TRBJ2-7*00(105)		347|362|384|0|15|SA356G|121.0		24|39|67|18|33|SC26TSG29A|92.0		TGTGCCAGCGGTGACGGTTATGAACAGTACTTC	30	CASGDGYEQYF	:::::::::0:-2:15:::::18:-4:33:::
1192	1.0	0.0058823529411764705	TGTGCCAGCGGTGACGGGGGGAGCTCCTATGAACAGTACTTC	??????????????????????????????????????????	TRBV6-4*00(109),TRBV6-1*00(107),TRBV6-6*00(104),TRBV6-5*00(98)		TRBJ2-7*00(143)		347|362|384|0|15|SA356G|121.0;347|361|384|0|14|SA356G|111.0;347|362|384|0|15|SA356GST359G|92.0;347|362|384|0|15|SA356GST359G|92.0		16|39|67|19|42|SC26TSG29A|172.0		TGTGCCAGCGGTGACGGGGGGAGCTCCTATGAACAGTACTTC	30	CASGDGGSSYEQYF	:::::::::0:-2:15:::::19:4:42:::
1193	1.0	0.0058823529411764705	TGTGCCAGCGGTGAGGGGGGCTCCTATGAACAGTACTTC	???????????????????????????????????????	TRBV6-4*00(104),TRBV6-7*00(88),TRBV10-3*00(86)		TRBJ2-7*00(128)		347|361|384|0|14|SA356G|111.0;347|359|384|0|12|SA356G|91.0;347|362|384|0|15|ST354GSA356G|92.0		16|39|67|16|39|SA18GSC26TSG29A|143.0		TGTGCCAGCGGTGAGGGGGGCTCCTATGAACAGTACTTC	30	CASGEGGSYEQYF	:::::::::0:-3:14:::::16:4:39:::
1194	1.0	0.0058823529411764705	TGTGCCAGCGGTGAGGGGACAGGGTATGAACAGTACTTC	???????????????????????????????????????	TRBV6-4*00(104)	TRBD1*00(45)	TRBJ2-7*00(105)		347|361|384|0|14|SA356G|111.0	12|21|36|15|24||45.0	24|39|67|24|39|SC26TSG29A|92.0		TGTGCCAGCGGTGAGGGGACAGGGTATGAACAGTACTTC	30	CASGEGTGYEQYF	:::::::::0:-3:14:15:0:-3:24:24:-4:39:::
1195	1.0	0.0058823529411764705	TGTGCCAGCGGTGAGGGACTGGGGGGGCGCGGGCAAGACACCCAGTACTTT	???????????????????????????????????????????????????	TRBV6-1*00(107),TRBV6-6*00(104),TRBV6-5*00(98),TRBV6-9*00(88),TRBV10-3*00(86)	TRBD1*00(42)	TRBJ2-5*00(134)		347|361|384|0|14|SA356G|111.0;347|359|384|0|12|SA356G|91.0;347|359|384|0|12|SA356G|91.0;347|359|384|0|12|SA356G|91.0;347|362|384|0|15|ST354GSA356G|92.0	12|26|36|14|28|SA17TSC23G|42.0	22|40|68|33|51|SG27CSC39T|122.0		TGTGCCAGCGGTGAGGGACTGGGGGGGCGCGGGCAAGACACCCAGTACTTT	30	CASGEGLGGRGQDTQYF	:::::::::0:-3:14:14:0:2:28:33:-2:51:::
1196	1.0	0.0058823529411764705	TGTGCCAGCGGTGAGACTGGGGGTTATGCTGAGCAGTTCTTC	??????????????????????????????????????????	TRBV6-4*00(107),TRBV6-1*00(91)	TRBD1*00(31)	TRBJ2-1*00(173)		347|361|384|0|14|SA356G|111.0;347|361|384|0|14|SA356G|111.0	14|23|36|14|23|SA17T|31.0	29|42|70|29|42||130.0		TGTGCCAGCGGTGAGACTGGGGGTTATGCTGAGCAGTTCTTC	30	CASGETGGYAEQFF	:::::::::0:-3:14:14:-2:-1:23:29:-9:42:::
1197	1.0	0.0058823529411764705	TGTGCCAGCGGTGAATCGGGACAGGGCCCCTATGAACAGTACTTC	?????????????????????????????????????????????	TRBV6-1*00(112),TRBV6-4*00(108)	TRBD1*00(35)	TRBJ2-7*00(113)		347|365|384|0|18|SA356GSG362T|122.0;347|365|384|0|18|SA356GSC361A|122.0	13|20|36|18|25||35.0	19|39|67|25|45|ST21CSC26TSG29A|113.0		TGTGCCAGCGGTGAATCGGGACAGGGCCCCTATGAACAGTACTTC	30	CASGESGQGPYEQYF	:::::::::0:1:18:18:-1:-4:25:25:1:45:::
1198	1.0	0.0058823529411764705	TGTGCCAGCGGTGAACTTGGGGGGCGCCATGCTGAGCAGTTCTTC	?????????????????????????????????????????????	TRBV6-1*00(112),TRBV6-4*00(104),TRBV6-6*00(104),TRBV6-5*00(98)	TRBD1*00(45)	TRBJ2-1*00(157)		347|362|384|0|15|SA356G|121.0;347|361|384|0|14|SA356G|111.0;347|359|384|0|12|SA356G|91.0;347|359|384|0|12|SA356G|91.0	18|27|36|19|28||45.0	29|42|70|32|45||130.0		TGTGCCAGCGGTGAACTTGGGGGGCGCCATGCTGAGCAGTTCTTC	30	CASGELGGRHAEQFF	:::::::::0:-2:15:19:-6:3:28:32:-9:45:::
1199	1.0	0.0058823529411764705	TGTGCCAGCGGTGAACCGGGACTGGGGGGGTATGAACAGTACTTC	?????????????????????????????????????????????	TRBV6-1*00(112),TRBV6-4*00(104),TRBV6-6*00(104),TRBV6-5*00(98)	TRBD1*00(36)	TRBJ2-7*00(105)		347|365|384|0|18|SA356GSG362C|122.0;347|361|384|0|14|SA356G|111.0;347|359|384|0|12|SA356G|91.0;347|359|384|0|12|SA356G|91.0	13|23|36|18|28|SA17T|36.0	24|39|67|30|45|SC26TSG29A|92.0		TGTGCCAGCGGTGAACCGGGACTGGGGGGGTATGAACAGTACTTC	30	CASGEPGLGGYEQYF	:::::::::0:1:18:18:-1:-1:28:30:-4:45:::
1200	1.0	0.0058823529411764705	TGTGCCAGCGGTGAAGCAGGGGGGAACTATGCTGAGCAGTTCTTC	?????????????????????????????????????????????	TRBV6-4*00(104)	TRBD1*00(35)	TRBJ2-1*00(141)		347|361|384|0|14|SA356G|111.0	16|23|36|16|23||35.0	29|42|70|32|45||130.0		TGTGCCAGCGGTGAAGCAGGGGGGAACTATGCTGAGCAGTTCTTC	30	CASGEAGGNYAEQFF	:::::::::0:-3:14:16:-4:-1:23:32:-9:45:::
1201	1.0	0.0058823529411764705	TGTGCCAGCGGTGAAGGGGGAGAAGTCTTCTTT	?????????????????????????????????	TRBV6-4*00(104),TRBV6-7*00(88)	TRBD1*00(30)	TRBJ1-1*00(122)		347|361|384|0|14|SA356G|111.0;347|359|384|0|12|SA356G|91.0	17|23|36|14|20||30.0	28|40|68|21|33|SC32TST33C|62.0		TGTGCCAGCGGTGAAGGGGGAGAAGTCTTCTTT	30	CASGEGGEVFF	:::::::::0:-3:14:14:-5:-1:20:21:-8:33:::
1202	1.0	0.0058823529411764705	TGTGCCAGCGGTGAAGGAGGGGGCGTGGACACAGAAGTCTTCTTT	?????????????????????????????????????????????	TRBV6-4*00(104)	TRBD1*00(40)	TRBJ1-1*00(129)		347|361|384|0|14|SA356G|111.0	17|25|36|17|25||40.0	20|40|68|25|45|SA22GST27ASC32TST33C|84.0		TGTGCCAGCGGTGAAGGAGGGGGCGTGGACACAGAAGTCTTCTTT	30	CASGEGGGVDTEVFF	:::::::::0:-3:14:17:-5:1:25:25:0:45:::
1203	1.0	0.0058823529411764705	TGTGCCAGCGGTGAAATTGGGGGGGACCAAGACACCCAGTACTTT	?????????????????????????????????????????????	TRBV6-1*00(112),TRBV6-4*00(104),TRBV6-6*00(104),TRBV6-5*00(98)		TRBJ2-5*00(144)		347|362|384|0|15|SA356G|121.0;347|361|384|0|14|SA356G|111.0;347|359|384|0|12|SA356G|91.0;347|359|384|0|12|SA356G|91.0		17|40|68|22|45|ST19GSG27CSC39T|143.0		TGTGCCAGCGGTGAAATTGGGGGGGACCAAGACACCCAGTACTTT	30	CASGEIGGDQDTQYF	:::::::::0:-2:15:::::22:3:45:::
1204	1.0	0.0058823529411764705	TGTGCCAGCGGTATGGTGGGACAGGGCCCGGAACAGTACTTC	??????????????????????????????????????????	TRBV6-6*00(104),TRBV6-1*00(98),TRBV6-5*00(98),TRBV6-4*00(95)	TRBD1*00(45)	TRBJ2-7*00(105)		347|359|384|0|12|SA356G|91.0;347|359|384|0|12|SA356G|91.0;347|359|384|0|12|SA356G|91.0;347|359|384|0|12|SA356G|91.0	12|21|36|17|26||45.0	27|39|67|30|42|SG29A|91.0		TGTGCCAGCGGTATGGTGGGACAGGGCCCGGAACAGTACTTC	30	CASGMVGQGPEQYF	:::::::::0:-5:12:17:0:-3:26:30:-7:42:::
1205	1.0	0.0058823529411764705	TGTGCCAGCGGTACAGGGTATGAACAGTACTTC	?????????????????????????????????	TRBV6-4*00(95),TRBV6-7*00(88)	TRBD1*00(30)	TRBJ2-7*00(105)		347|359|384|0|12|SA356G|91.0;347|359|384|0|12|SA356G|91.0	15|21|36|12|18||30.0	24|39|67|18|33|SC26TSG29A|92.0		TGTGCCAGCGGTACAGGGTATGAACAGTACTTC	30	CASGTGYEQYF	:::::::::0:-5:12:12:-3:-3:18:18:-4:33:::
1206	1.0	0.0058823529411764705	TGTGCCAGCGGCCCAGGGAGGGACACCCAGTACTTT	????????????????????????????????????	TRBV6-6*00(104),TRBV6-4*00(95)	TRBD2*00(30)	TRBJ2-5*00(120)		347|356|384|0|9||90.0;347|356|384|0|9||90.0	25|31|48|15|21||30.0	25|40|68|21|36|SG27CSC39T|92.0		TGTGCCAGCGGCCCAGGGAGGGACACCCAGTACTTT	30	CASGPGRDTQYF	:::::::::0:-8:9:15:-9:-1:21:21:-5:36:::
1207	1.0	0.0058823529411764705	TGTGCCAGCGGCCGCCTGCGGCACTTC	???????????????????????????	TRBV6-4*00(95)	TRBD1*00(26)	TRBJ2-7*00(85)		347|356|384|0|9||90.0	0|8|36|10|18|SC3G|26.0	34|39|67|22|27||50.0		TGTGCCAGCGGCCGCCTGCGGCACTTC	30	CASGRLRHF	:::::::::0:-8:9:10:12:-16:18:22:-14:27:::
1208	1.0	0.0058823529411764705	TGTGCCAGCGGCCGGGACAACTATGCTGAGCAGTTCTTC	???????????????????????????????????????	TRBV6-6*00(104),TRBV6-1*00(98),TRBV6-5*00(98),TRBV6-4*00(95),TRBV6-9*00(88)	TRBD1*00(40),TRBD2*00(35)	TRBJ2-1*00(157)		347|356|384|0|9||90.0;347|356|384|0|9||90.0;347|356|384|0|9||90.0;347|356|384|0|9||90.0;347|356|384|0|9||90.0	10|18|36|11|19||40.0;14|21|48|11|18||35.0	29|42|70|26|39||130.0		TGTGCCAGCGGCCGGGACAACTATGCTGAGCAGTTCTTC	30	CASGRDNYAEQFF	:::::::::0:-8:9:11:2:-6:19:26:-9:39:::
1209	1.0	0.0058823529411764705	TGTGCCAGCGGCCACAGGAACCAAGACACCCAGTACTTT	???????????????????????????????????????	TRBV6-6*00(104),TRBV6-1*00(98),TRBV6-5*00(98),TRBV6-4*00(95)		TRBJ2-5*00(144)		347|356|384|0|9||90.0;347|356|384|0|9||90.0;347|356|384|0|9||90.0;347|356|384|0|9||90.0		17|40|68|16|39|ST19ASG27CSC39T|143.0		TGTGCCAGCGGCCACAGGAACCAAGACACCCAGTACTTT	30	CASGHRNQDTQYF	:::::::::0:-8:9:::::16:3:39:::
1210	1.0	0.0058823529411764705	TGTGCCAGCGGCGGACTGGGGGACTCCTATGAACAGTACTTC	??????????????????????????????????????????	TRBV6-6*00(104),TRBV6-1*00(98),TRBV6-5*00(98),TRBV6-4*00(95),TRBV6-9*00(88)	TRBD1*00(36)	TRBJ2-7*00(123)		347|356|384|0|9||90.0;347|356|384|0|9||90.0;347|356|384|0|9||90.0;347|356|384|0|9||90.0;347|356|384|0|9||90.0	13|23|36|12|22|SA17T|36.0	20|39|67|23|42|SC26TSG29A|132.0		TGTGCCAGCGGCGGACTGGGGGACTCCTATGAACAGTACTTC	30	CASGGLGDSYEQYF	:::::::::0:-8:9:12:-1:-1:22:23:0:42:::
1211	1.0	0.0058823529411764705	TGTGCCAGCGGGGGACAGAACACAGAAGTCTTCTTT	????????????????????????????????????	TRBV6-4*00(95),TRBV6-7*00(88)	TRBD1*00(30)	TRBJ1-1*00(155)		347|356|384|0|9||90.0;347|356|384|0|9||90.0	12|18|36|11|17||30.0	21|40|68|17|36|ST27ASC32TST33C|103.0		TGTGCCAGCGGGGGACAGAACACAGAAGTCTTCTTT	30	CASGGQNTEVFF	:::::::::0:-8:9:11:0:-6:17:17:-1:36:::
1212	1.0	0.0058823529411764705	TGTGCCAGCGGGGACTGGGGGGGTGAACAGTACTTC	????????????????????????????????????	TRBV6-6*00(104),TRBV6-1*00(98),TRBV6-4*00(98),TRBV6-5*00(98)	TRBD1*00(41)	TRBJ2-7*00(105)		347|356|384|0|9||90.0;347|356|384|0|9||90.0;347|363|384|0|16|SA356GST358G|102.0;347|356|384|0|9||90.0	12|23|36|10|21|SA17T|41.0	27|39|67|24|36|SG29A|91.0		TGTGCCAGCGGGGACTGGGGGGGTGAACAGTACTTC	30	CASGDWGGEQYF	:::::::::0:-8:9:10:0:-1:21:24:-7:36:::
1213	1.0	0.0058823529411764705	TGTGCCAGCGGGGACGACAACTATGCTGAGCAGTTCTTC	???????????????????????????????????????	TRBV6-6*00(88),TRBV6-1*00(82),TRBV6-5*00(82),TRBV6-4*00(79),TRBV6-9*00(72)	TRBD1*00(25),TRBD2*00(25)	TRBJ2-1*00(157)		347|356|384|0|9||90.0;347|356|384|0|9||90.0;347|356|384|0|9||90.0;347|362|384|0|15|SA356GST358G|92.0;347|356|384|0|9||90.0	12|17|36|10|15||25.0;16|21|48|10|15||25.0	29|42|70|26|39||130.0		TGTGCCAGCGGGGACGACAACTATGCTGAGCAGTTCTTC	30	CASGDDNYAEQFF	:::::::::0:-8:9:10:0:-7:15:26:-9:39:::
1214	1.0	0.0058823529411764705	TGTGCCAGCGGGGACAGGGAATATGCTGAGCAGTTCTTC	???????????????????????????????????????	TRBV6-4*00(95)		TRBJ2-1*00(157)		347|362|384|0|15|SA356GST358G|92.0		29|42|70|26|39||130.0		TGTGCCAGCGGGGACAGGGAATATGCTGAGCAGTTCTTC	30	CASGDREYAEQFF	:::::::::0:-2:15:::::26:-9:39:::
1215	1.0	0.0058823529411764705	TGTGCCAGCGGAGATGAGGGAGACCAAGACACCCCGTACTTT	??????????????????????????????????????????	TRBV6-6*00(104),TRBV6-1*00(98),TRBV6-5*00(98),TRBV6-4*00(95)	TRBD2*00(25)	TRBJ2-5*00(112)		347|356|384|0|9||90.0;347|356|384|0|9||90.0;347|356|384|0|9||90.0;347|356|384|0|9||90.0	25|30|48|17|22||25.0	20|40|68|22|42|SG27CSA32CSC39T|113.0		TGTGCCAGCGGAGATGAGGGAGACCAAGACACCCCGTACTTT	30	CASGDEGDQDTPYF	:::::::::0:-8:9:17:-9:-2:22:22:0:42:::
1216	1.0	0.0058823529411764705	TGTGCCAGCGAAGACTGGTGCCAAGACACCCAGTACTTT	???????????????????????????????????????	TRBV6-4*00(95)		TRBJ2-5*00(148)		347|356|384|0|9||90.0		16|40|68|15|39|SA20GSG27CSC39T|153.0		TGTGCCAGCGAAGACTGGTGCCAAGACACCCAGTACTTT	30	CASEDWCQDTQYF	:::::::::0:-8:9:::::15:4:39:::
1217	1.0	0.0058823529411764705	TGTGCCAGCATTTCCCCCTTAGGGGGGCGACGCTATGGCTACACCTTC	????????????????????????????????????????????????	TRBV28*00(171)	TRBD1*00(35)	TRBJ1-2*00(220)		347|360|384|0|13|SG357T|101.0	18|25|36|22|29||35.0	24|40|68|32|48||160.0		TGTGCCAGCATTTCCCCCTTAGGGGGGCGACGCTATGGCTACACCTTC	30	CASISPLGGRRYGYTF	:::::::::0:-4:13:22:-6:1:29:32:-4:48:::
1218	1.0	0.0058823529411764705	TGTGCCAGCATTTCCATCGTAGGACAGTCGAACACTGAAGCTTTCTTT	????????????????????????????????????????????????	TRBV28*00(171)	TRBD1*00(30)	TRBJ1-1*00(235)		347|360|384|0|13|SG357T|101.0	13|19|36|21|27||30.0	21|40|68|29|48||190.0		TGTGCCAGCATTTCCATCGTAGGACAGTCGAACACTGAAGCTTTCTTT	30	CASISIVGQSNTEAFF	:::::::::0:-4:13:21:-1:-5:27:29:-1:48:::
1219	1.0	0.0058823529411764705	TGTGCCAGCACCCGGGACATTGGGAAAAACTATGGCTACACCTTC	?????????????????????????????????????????????	TRBV19*00(146)	TRBD1*00(45),TRBD2*00(40)	TRBJ1-2*00(230)		347|355|384|0|8||80.0	9|18|36|10|19||45.0;13|21|48|10|18||40.0	22|40|68|27|45||180.0		TGTGCCAGCACCCGGGACATTGGGAAAAACTATGGCTACACCTTC	30	CASTRDIGKNYGYTF	:::::::::0:-9:8:10:3:-6:19:27:-2:45:::
1220	1.0	0.0058823529411764705	TGTGCCAGCAGTTTATTGACAGGGCTGGCCAAAAACATTCAGTACTTC	????????????????????????????????????????????????	TRBV28*00(201)	TRBD1*00(25)	TRBJ2-4*00(254)		347|363|384|0|16||160.0	14|19|36|17|22||25.0	16|42|70|22|48|SA20G|231.0		TGTGCCAGCAGTTTATTGACAGGGCTGGCCAAAAACATTCAGTACTTC	30	CASSLLTGLAKNIQYF	:::::::::0:-1:16:17:-2:-5:22:22:4:48:::
1221	1.0	0.0058823529411764705	TGTGCCAGCAGTCCCCACCTGTCCGAATGGGATACGCAGTATTTT	?????????????????????????????????????????????	TRBV28*00(181)	TRBD1*00(38)	TRBJ2-3*00(215)		347|359|384|0|12||120.0	1|11|36|13|24|I4A|38.0	26|41|69|30|45||150.0		TGTGCCAGCAGTCCCCACCTGTCCGAATGGGATACGCAGTATTTT	30	CASSPHLSEWDTQYF	:::::::::0:-5:12:13:11:-13:24:30:-6:45:::
1222	1.0	0.0058823529411764705	TGTGCCAGCAGTCAAGCCATTGGACAGGGGGGGACAGATACGCAGTATTTT	???????????????????????????????????????????????????	TRBV28*00(181)	TRBD1*00(50)	TRBJ2-3*00(230)		347|359|384|0|12||120.0	13|23|36|21|31||50.0	23|41|69|33|51||180.0		TGTGCCAGCAGTCAAGCCATTGGACAGGGGGGGACAGATACGCAGTATTTT	30	CASSQAIGQGGTDTQYF	:::::::::0:-5:12:21:-1:-1:31:33:-3:51:::
1223	1.0	0.0058823529411764705	TGTGCCAGCAGCCGCCGGGACCGAGATGGAAAACTGTTTTTT	??????????????????????????????????????????	TRBV28*00(176)	TRBD1*00(35),TRBD2*00(35)	TRBJ1-4*00(189)		347|358|384|0|11||110.0	10|17|36|14|21||35.0;14|21|48|14|21||35.0	26|43|71|25|42|SA29G|141.0		TGTGCCAGCAGCCGCCGGGACCGAGATGGAAAACTGTTTTTT	30	CASSRRDRDGKLFF	:::::::::0:-6:11:14:2:-7:21:25:-6:42:::
1224	1.0	0.0058823529411764705	TGTGCCAGCAGCAGCCGTGACAAAAACATTCAGTACTTC	???????????????????????????????????????	TRBV28*00(176)		TRBJ2-4*00(235)		347|358|384|0|11||110.0		23|42|70|20|39||190.0		TGTGCCAGCAGCAGCCGTGACAAAAACATTCAGTACTTC	30	CASSSRDKNIQYF	:::::::::0:-6:11:::::20:-3:39:::
1225	1.0	0.0058823529411764705	TGTGCCAGCAGGGAGGGGGGGAGAGATACGCAGTATTTT	???????????????????????????????????????	TRBV28*00(176)	TRBD1*00(30),TRBD2*00(30)	TRBJ2-3*00(220)		347|358|384|0|11||110.0	17|23|36|13|19||30.0;26|32|48|11|17||30.0	25|41|69|23|39||160.0		TGTGCCAGCAGGGAGGGGGGGAGAGATACGCAGTATTTT	30	CASREGGRDTQYF	:::::::::0:-6:11:13:-5:-1:19:23:-5:39:::
1226	1.0	0.0058823529411764705	TGTGCCAGCAGAACTACAGGGAACCAAGAGACCCAGTACTTC	??????????????????????????????????????????	TRBV28*00(176)		TRBJ2-5*00(240)		347|358|384|0|11||110.0		17|40|68|19|42|ST19A|201.0		TGTGCCAGCAGAACTACAGGGAACCAAGAGACCCAGTACTTC	30	CASRTTGNQETQYF	:::::::::0:-6:11:::::19:3:42:::
1227	1.0	0.0058823529411764705	TGTGCCAGCAGAACCTCCTACGAGCAGTACTTC	?????????????????????????????????	TRBV28*00(176)		TRBJ2-7*00(235)		347|358|384|0|11||110.0		20|39|67|14|33||190.0		TGTGCCAGCAGAACCTCCTACGAGCAGTACTTC	30	CASRTSYEQYF	:::::::::0:-6:11:::::14:0:33:::
3861	1.0	0.0058823529411764705	TGCCGTGCTAGAGATCTGGGTGAGGGAACTGAAGCTTTCTTT	??????????????????????????????????????????	TRBV20-1*00(189)	TRBD2*00(25)	TRBJ1-1*00(183)		341|358|375|0|17|SA344C|141.0	27|32|48|21|26||25.0	25|40|68|27|42||150.0		TGCCGTGCTAGAGATCTGGGTGAGGGAACTGAAGCTTTCTTT	30	CRARDLGEGTEAFF	:::::::::0:3:17:21:-11:0:26:27:-5:42:::
3893	1.0	0.0058823529411764705	TGCACTGCTCGAGGACTAGTCGGGGATGCGCAGTTCCTC	???????????????????????????????????????	TRBV20-1*00(185)	TRBD2*00(38)	TRBJ2-1*00(130)		341|354|375|0|13|SG345CSA350C|72.0	18|28|48|13|24|I24T|38.0	28|42|70|25|39|SA31CST39C|82.0		TGCACTGCTCGAGGACTAGTCGGGGATGCGCAGTTCCTC	30	CTARGLVGDAQFL	:::::::::0:-1:13:13:-2:-4:24:25:-8:39:::
3894	1.0	0.0058823529411764705	TGCAGTCAAAGCGGGAGTACAATGTCCTACAATGAGCAGGTCTTC	?????????????????????????????????????????????	TRBV20-1*00(166)	TRBD2*00(40)	TRBJ2-1*00(133)		341|347|375|0|6||60.0	22|30|48|9|17||40.0	21|42|70|24|45|ST36G|181.0		TGCAGTCAAAGCGGGAGTACAATGTCCTACAATGAGCAGGTCTTC	30	CSQSGSTMSYNEQVF	:::::::::0:-8:6:9:-6:-2:17:24:-1:45:::
3895	1.0	0.0058823529411764705	TGCAGTGCTTGGACAGGGGGATTCAATCAGCCCCAGCATTTT	??????????????????????????????????????????	TRBV20-1*00(197)	TRBD1*00(50)	TRBJ1-5*00(235)		341|350|375|0|9||90.0	13|23|36|10|20||50.0	23|42|70|23|42||190.0		TGCAGTGCTTGGACAGGGGGATTCAATCAGCCCCAGCATTTT	30	CSAWTGGFNQPQHF	:::::::::0:-5:9:10:-1:-1:20:23:-3:42:::
3896	1.0	0.0058823529411764705	TGCAGTGCTCCCCGGGCAGGGGAGGCTGGCTACACCTTC	???????????????????????????????????????	TRBV20-1*00(197)	TRBD1*00(48)	TRBJ1-2*00(205)		341|350|375|0|9||90.0	9|22|36|10|22|DA15|48.0	27|40|68|26|39||130.0		TGCAGTGCTCCCCGGGCAGGGGAGGCTGGCTACACCTTC	30	CSAPRAGEAGYTF	:::::::::0:-5:9:10:3:-2:22:26:-7:39:::
3897	1.0	0.0058823529411764705	TGCAGTGCTATCGTGACAGGATCGACCACCGGGGAGCTGTTTTTT	?????????????????????????????????????????????	TRBV20-1*00(202)	TRBD1*00(31)	TRBJ2-2*00(207)		341|351|375|0|10||100.0	11|20|36|11|20|SG13T|31.0	20|43|71|22|45|SA23C|201.0		TGCAGTGCTATCGTGACAGGATCGACCACCGGGGAGCTGTTTTTT	30	CSAIVTGSTTGELFF	:::::::::0:-4:10:11:1:-4:20:22:0:45:::
3898	1.0	0.0058823529411764705	TGCAGTGCTAGTTACTATACCTACAATGAGCAGTTCTTC	???????????????????????????????????????	TRBV20-1*00(207)		TRBJ2-1*00(240)		341|352|375|0|11||110.0		22|42|70|19|39||200.0		TGCAGTGCTAGTTACTATACCTACAATGAGCAGTTCTTC	30	CSASYYTYNEQFF	:::::::::0:-3:11:::::19:-2:39:::
3899	1.0	0.0058823529411764705	TGCAGTGCTAGCCCGGCAGGGGTTAACACTGAAGCTTTCTTT	??????????????????????????????????????????	TRBV20-1*00(191)	TRBD1*00(31)	TRBJ1-1*00(230)		341|352|375|0|11||110.0	9|22|36|11|22|DG12DA15|31.0	22|40|68|24|42||180.0		TGCAGTGCTAGCCCGGCAGGGGTTAACACTGAAGCTTTCTTT	30	CSASPAGVNTEAFF	:::::::::0:-3:11:11:3:-2:22:24:-2:42:::
3900	1.0	0.0058823529411764705	TGCAGTGCTAGGGGTGGACAGACCTACGAGCAGTACTTC	???????????????????????????????????????	TRBV20-1*00(207)	TRBD1*00(30)	TRBJ2-7*00(225)		341|352|375|0|11||110.0	13|19|36|15|21||30.0	22|39|67|22|39||170.0		TGCAGTGCTAGGGGTGGACAGACCTACGAGCAGTACTTC	30	CSARGGQTYEQYF	:::::::::0:-3:11:15:-1:-5:21:22:-2:39:::
3901	1.0	0.0058823529411764705	TGCAGTGCTAGGAGGAGGGGGCGAGAGATCCAGTACTTC	???????????????????????????????????????	TRBV20-1*00(191)	TRBD1*00(40)	TRBJ2-5*00(204)		341|352|375|0|11||110.0	17|25|36|15|23||40.0	24|40|68|23|39|SC29T|131.0		TGCAGTGCTAGGAGGAGGGGGCGAGAGATCCAGTACTTC	30	CSARRRGREIQYF	:::::::::0:-3:11:15:-5:1:23:23:-4:39:::
3902	1.0	0.0058823529411764705	TGCAGTGCTAGATCCAACCCGTACGAGCAGTACTTC	????????????????????????????????????	TRBV20-1*00(212)		TRBJ2-7*00(215)		341|353|375|0|12||120.0		24|39|67|21|36||150.0		TGCAGTGCTAGATCCAACCCGTACGAGCAGTACTTC	30	CSARSNPYEQYF	:::::::::0:-2:12:::::21:-4:36:::
3903	1.0	0.0058823529411764705	TGCAGTGCTAGACTGCGGGGGGACAATGAGCAGTTCTTC	???????????????????????????????????????	TRBV20-1*00(212)	TRBD2*00(28),TRBD1*00(25)	TRBJ2-1*00(209)		341|353|375|0|12||120.0	23|32|48|14|22|DA28|28.0;18|23|36|16|21||25.0	25|42|70|22|39||170.0		TGCAGTGCTAGACTGCGGGGGGACAATGAGCAGTTCTTC	30	CSARLRGDNEQFF	:::::::::0:-2:12:14:-7:0:22:22:-5:39:::
3904	1.0	0.0058823529411764705	TGCAGTGCTAGAGGTCTTGGGGACATGAACACTGAAGCTTTCTTT	?????????????????????????????????????????????	TRBV20-1*00(221)		TRBJ1-1*00(250)		341|358|375|0|17|SA354G|141.0		18|40|68|23|45||220.0		TGCAGTGCTAGAGGTCTTGGGGACATGAACACTGAAGCTTTCTTT	30	CSARGLGDMNTEAFF	:::::::::0:3:17:::::23:2:45:::
3905	1.0	0.0058823529411764705	TGCAGTGCTAGAGATCTTGCATCCTCCTACGAGCAGTACTTC	??????????????????????????????????????????	TRBV20-1*00(237)		TRBJ2-7*00(235)		341|358|375|0|17||170.0		20|39|67|23|42||190.0		TGCAGTGCTAGAGATCTTGCATCCTCCTACGAGCAGTACTTC	30	CSARDLASSYEQYF	:::::::::0:3:17:::::23:0:42:::
3906	1.0	0.0058823529411764705	TGCAGTGCTAGAGATCCGGCCCCCCGAGGGTCCTACAATGAGCAGTTCTTC	???????????????????????????????????????????????????	TRBV20-1*00(232)	TRBD2*00(33),TRBD1*00(30)	TRBJ2-1*00(245)		341|357|375|0|16||160.0	30|40|48|17|26|DT35|33.0;0|6|36|18|24||30.0	21|42|70|30|51||210.0		TGCAGTGCTAGAGATCCGGCCCCCCGAGGGTCCTACAATGAGCAGTTCTTC	30	CSARDPAPRGSYNEQFF	:::::::::0:2:16:17:-14:8:26:30:-1:51:::
3907	1.0	0.0058823529411764705	TGCAGTGCTAGAGATCAGGGGAACATGAACACTGAAGCTTTCTTT	?????????????????????????????????????????????	TRBV20-1*00(232)	TRBD1*00(25)	TRBJ1-1*00(250)		341|357|375|0|16||160.0	17|22|36|16|21||25.0	18|40|68|23|45||220.0		TGCAGTGCTAGAGATCAGGGGAACATGAACACTGAAGCTTTCTTT	30	CSARDQGNMNTEAFF	:::::::::0:2:16:16:-5:-2:21:23:2:45:::
3908	1.0	0.0058823529411764705	TGCAGTGCTAGAGATGCCGCGGGAGTATACCAAGAGACCCAGTACTTC	????????????????????????????????????????????????	TRBV20-1*00(227)	TRBD2*00(35)	TRBJ2-5*00(245)		341|356|375|0|15||150.0	23|30|48|18|25||35.0	19|40|68|27|48||210.0		TGCAGTGCTAGAGATGCCGCGGGAGTATACCAAGAGACCCAGTACTTC	30	CSARDAAGVYQETQYF	:::::::::0:1:15:18:-7:-2:25:27:1:48:::
3909	1.0	0.0058823529411764705	TGCAGTGCTAGAGATAGACTAGCGGGTATCTACGAGCAGTACTTC	?????????????????????????????????????????????	TRBV20-1*00(227)	TRBD2*00(50)	TRBJ2-7*00(220)		341|356|375|0|15||150.0	18|28|48|16|26||50.0	23|39|67|29|45||160.0		TGCAGTGCTAGAGATAGACTAGCGGGTATCTACGAGCAGTACTTC	30	CSARDRLAGIYEQYF	:::::::::0:1:15:16:-2:-4:26:29:-3:45:::
3910	1.0	0.0058823529411764705	TGCAGTGCTAGAGACCTGACAAGTTCTAATGAAAAACTGTTTTTT	?????????????????????????????????????????????	TRBV20-1*00(222)		TRBJ1-4*00(240)		341|358|375|0|17|ST355C|141.0		23|43|71|25|45||200.0		TGCAGTGCTAGAGACCTGACAAGTTCTAATGAAAAACTGTTTTTT	30	CSARDLTSSNEKLFF	:::::::::0:3:17:::::25:-3:45:::
3911	1.0	0.0058823529411764705	TGCAGTGCTAGAGAAGGGACAGGGAGCTCCTACAATGAGCAGTTCTTC	????????????????????????????????????????????????	TRBV20-1*00(222)	TRBD1*00(35)	TRBJ2-1*00(270)		341|355|375|0|14||140.0	12|19|36|15|22||35.0	16|42|70|22|48||260.0		TGCAGTGCTAGAGAAGGGACAGGGAGCTCCTACAATGAGCAGTTCTTC	30	CSAREGTGSSYNEQFF	:::::::::0:0:14:15:0:-5:22:22:4:48:::
3912	1.0	0.0058823529411764705	TGCAGTGCTAATCCAGGGCACACTGAAGCTTTCTTT	????????????????????????????????????	TRBV20-1*00(202)	TRBD1*00(25),TRBD2*00(25)	TRBJ1-1*00(209)		341|351|375|0|10||100.0	16|21|36|13|18||25.0;28|33|48|14|19||25.0	23|40|68|19|36||170.0		TGCAGTGCTAATCCAGGGCACACTGAAGCTTTCTTT	30	CSANPGHTEAFF	:::::::::0:-4:10:13:-4:-3:18:19:-3:36:::
3913	1.0	0.0058823529411764705	TGCAGTGCCCCGGACAGAAATAGCAATCAGCCCCAGCATTTT	??????????????????????????????????????????	TRBV20-1*00(192)	TRBD1*00(33)	TRBJ1-5*00(255)		341|349|375|0|8||80.0	9|19|36|8|17|DG12|33.0	19|42|70|19|42||230.0		TGCAGTGCCCCGGACAGAAATAGCAATCAGCCCCAGCATTTT	30	CSAPDRNSNQPQHF	:::::::::0:-6:8:8:3:-5:17:19:1:42:::
3914	1.0	0.0058823529411764705	TGCAGTGCCCAAGACGGGGGGGGCACCGGGGATACGCAGTATTTT	?????????????????????????????????????????????	TRBV20-1*00(192)	TRBD1*00(33)	TRBJ2-3*00(215)		341|349|375|0|8||80.0	14|29|36|12|27|SA17GSC23GSC26A|33.0	26|41|69|30|45||150.0		TGCAGTGCCCAAGACGGGGGGGGCACCGGGGATACGCAGTATTTT	30	CSAQDGGGTGDTQYF	:::::::::0:-6:8:12:-2:5:27:30:-6:45:::
3915	1.0	0.0058823529411764705	TGCAGTGCCACGGGACAGGAAGGATCACCCCTCCACTTT	???????????????????????????????????????	TRBV20-1*00(192)	TRBD1*00(45)	TRBJ1-6*00(199)		341|349|375|0|8||80.0	11|20|36|10|19||45.0	30|45|73|24|39||150.0		TGCAGTGCCACGGGACAGGAAGGATCACCCCTCCACTTT	30	CSATGQEGSPLHF	:::::::::0:-6:8:10:1:-4:19:24:-10:39:::
3916	1.0	0.0058823529411764705	TGCAGTGCCAGGGGGCGCAACACCGGGGAGCTGTTTTTT	???????????????????????????????????????	TRBV20-1*00(192)	TRBD1*00(35)	TRBJ2-2*00(245)		341|352|375|0|11|ST349C|81.0	19|26|36|11|18||35.0	22|43|71|18|39||210.0		TGCAGTGCCAGGGGGCGCAACACCGGGGAGCTGTTTTTT	30	CSARGRNTGELFF	:::::::::0:-3:11:11:-7:2:18:18:-2:39:::
3917	1.0	0.0058823529411764705	TGCAGTGCCAAACTAGCGGGGAGCACAGATACGCAGTATTTT	??????????????????????????????????????????	TRBV20-1*00(176)	TRBD2*00(45)	TRBJ2-3*00(245)		341|349|375|0|8||80.0	19|28|48|11|20||45.0	20|41|69|21|42||210.0		TGCAGTGCCAAACTAGCGGGGAGCACAGATACGCAGTATTTT	30	CSAKLAGSTDTQYF	:::::::::0:-6:8:11:-3:-4:20:21:0:42:::
3918	1.0	0.0058823529411764705	TGCAGTGCGTGGCGGGAGCCCCCCTACCAGCAGTACTTC	???????????????????????????????????????	TRBV20-1*00(192)	TRBD2*00(35),TRBD1*00(31)	TRBJ2-7*00(145)		341|349|375|0|8||80.0	23|30|48|11|18||35.0;20|29|36|13|22|SC23A|31.0	22|39|67|22|39|SG27C|141.0		TGCAGTGCGTGGCGGGAGCCCCCCTACCAGCAGTACTTC	30	CSAWREPPYQQYF	:::::::::0:-6:8:11:-7:-2:18:22:-2:39:::
3919	1.0	0.0058823529411764705	TGCAGTGCGCAGTGGTCTCTGGCGCAGTATTTT	?????????????????????????????????	TRBV20-1*00(192)		TRBJ2-3*00(195)		341|349|375|0|8||80.0		30|41|69|22|33||110.0		TGCAGTGCGCAGTGGTCTCTGGCGCAGTATTTT	30	CSAQWSLAQYF	:::::::::0:-6:8:::::22:-10:33:::
3920	1.0	0.0058823529411764705	TGCAGTGCGCAGGACAGGGACGATTTCGATGAGCAGTTCTTC	??????????????????????????????????????????	TRBV20-1*00(192)	TRBD1*00(40)	TRBJ2-1*00(210)		341|349|375|0|8||80.0	13|21|36|11|19||40.0	28|42|70|28|42||140.0		TGCAGTGCGCAGGACAGGGACGATTTCGATGAGCAGTTCTTC	30	CSAQDRDDFDEQFF	:::::::::0:-6:8:11:-1:-3:19:28:-8:42:::
3921	1.0	0.0058823529411764705	TGCAGTGGGCCGCCTAGCGGGAGCCCTCAGGGTCACGAGCAGTACTTC	????????????????????????????????????????????????	TRBV20-1*00(187)	TRBD2*00(51)	TRBJ2-7*00(194)		341|348|375|0|7||70.0	20|37|48|13|28|DG29DG30|51.0	25|39|67|34|48||140.0		TGCAGTGGGCCGCCTAGCGGGAGCCCTCAGGGTCACGAGCAGTACTTC	30	CSGPPSGSPQGHEQYF	:::::::::0:-7:7:13:-4:5:28:34:-5:48:::
3922	1.0	0.0058823529411764705	TGCAGCGGGCAGGATGGCTACACCTTC	???????????????????????????	TRBV20-1*00(177)	TRBD1*00(28)	TRBJ1-2*00(210)		341|346|375|0|5||50.0	11|20|36|5|13|DA15|28.0	26|40|68|13|27||140.0		TGCAGCGGGCAGGATGGCTACACCTTC	30	CSGQDGYTF	:::::::::0:-9:5:5:1:-4:13:13:-6:27:::
3937	1.0	0.0058823529411764705	TGAAGTGCTAGATTACCAGCAGGGACGGAAAATAACTATGGCTACACCTTC	???????????????????????????????????????????????????	TRBV20-1*00(180)	TRBD1*00(25),TRBD2*00(25)	TRBJ1-2*00(203)		341|353|375|0|12|SC343A|91.0	12|17|36|21|26||25.0;16|21|48|21|26||25.0	21|40|68|32|51||190.0		TGAAGTGCTAGATTACCAGCAGGGACGGAAAATAACTATGGCTACACCTTC	30	*SARLPAGTENNYGYTF	:::::::::0:-2:12:21:0:-7:26:32:-1:51:::
